object,file,line,effectiveAccess,modifier,signature,fixedLengthTypes
Storage Attachment Mgt ori,app/src/Attachments/StorageAttachmentMgt.Codeunit.al,81,Internal,public/default,"Offload(var Argument: Record ""Message Argument ori""; var ResultData: JsonObject): Boolean",
Storage Attachment Mgt ori,app/src/Attachments/StorageAttachmentMgt.Codeunit.al,161,Internal,public/default,"Restore(var Argument: Record ""Message Argument ori""; var ResultData: JsonObject): Boolean",
Storage Attachment Mgt ori,app/src/Attachments/StorageAttachmentMgt.Codeunit.al,225,Internal,public/default,"CreateLinked(var Argument: Record ""Message Argument ori""; var ResultData: JsonObject): Boolean",
Storage Attachment Mgt ori,app/src/Attachments/StorageAttachmentMgt.Codeunit.al,324,Internal,public/default,"CreateForRecord(var Argument: Record ""Message Argument ori""; var ResultData: JsonObject): Boolean",
Storage Attachment Mgt ori,app/src/Attachments/StorageAttachmentMgt.Codeunit.al,398,Internal,public/default,"CreateForRecordFromBlob(var Argument: Record ""Message Argument ori""; var TempBlob: Codeunit ""Temp Blob""; SessionFileName: Text; var ResultData: JsonObject): Boolean",
Storage Attachment Mgt ori,app/src/Attachments/StorageAttachmentMgt.Codeunit.al,431,Internal,public/default,"CreateIncomingFromBlob(var Argument: Record ""Message Argument ori""; var TempBlob: Codeunit ""Temp Blob""; SessionFileName: Text; var ResultData: JsonObject): Boolean",
Storage Attachment Mgt ori,app/src/Attachments/StorageAttachmentMgt.Codeunit.al,487,Internal,public/default,"ReadTarget(var Argument: Record ""Message Argument ori""; RequestJson: JsonObject; ParameterName: Text; var Target: Enum ""Storage Attachment Target ori""): Boolean",
Storage Attachment Mgt ori,app/src/Attachments/StorageAttachmentMgt.Codeunit.al,762,Internal,public/default,"FetchContent(StorageCode: Code[20]; Path: Text; var TempBlob: Codeunit ""Temp Blob"")",Code[20]
Storage Attachment Mgt ori,app/src/Attachments/StorageAttachmentMgt.Codeunit.al,774,Internal,public/default,DeleteRemote(StorageCode: Code[20]; Path: Text),Code[20]
Storage Attachment Mgt ori,app/src/Attachments/StorageAttachmentMgt.Codeunit.al,787,Internal,public/default,IsStorageFileLinked(StorageCode: Code[20]; Path: Text): Boolean,Code[20]
Storage Attachment Mgt ori,app/src/Attachments/StorageAttachmentMgt.Codeunit.al,798,Internal,public/default,IsStorageDirectoryLinked(StorageCode: Code[20]; DirectoryPath: Text): Boolean,Code[20]
Storage Attachment Mgt ori,app/src/Attachments/StorageAttachmentMgt.Codeunit.al,813,Internal,public/default,CanUpdateLinksOf(StorageCode: Code[20]; SourcePath: Text; var BlockReason: Text): Boolean,Code[20]
Storage Attachment Mgt ori,app/src/Attachments/StorageAttachmentMgt.Codeunit.al,832,Internal,public/default,UpdateMovedStorageFile(StorageCode: Code[20]; SourcePath: Text; TargetPath: Text),Code[20]
Storage Attachment Mgt ori,app/src/Attachments/StorageAttachmentMgt.Codeunit.al,848,Internal,public/default,"TableIdForTarget(Target: Enum ""Storage Attachment Target ori""): Integer",
Storage Attachment Mgt ori,app/src/Attachments/StorageAttachmentMgt.Codeunit.al,1097,Internal,internal,SetNativeExternalStorageFields(RecSystemId: Guid; StorageCode: Code[20]; Path: Text),Code[20]
Storage Attachment Mgt ori,app/src/Attachments/StorageAttachmentMgt.Codeunit.al,1116,Internal,internal,ClearNativeExternalStorageFields(RecSystemId: Guid),
Data Exchange Query ori,app/src/DataExchange/DataExchangeQuery.Codeunit.al,42,Internal,public/default,"ListDefinitions(var Argument: Record ""Message Argument ori"")",
Data Exchange Query ori,app/src/DataExchange/DataExchangeQuery.Codeunit.al,85,Internal,public/default,"GetDefinition(var Argument: Record ""Message Argument ori"")",
Data Exchange Query ori,app/src/DataExchange/DataExchangeQuery.Codeunit.al,113,Internal,public/default,"ListTypes(var Argument: Record ""Message Argument ori"")",
Data Exchange Query ori,app/src/DataExchange/DataExchangeQuery.Codeunit.al,133,Internal,public/default,"ListEntries(var Argument: Record ""Message Argument ori"")",
Data Exchange Query ori,app/src/DataExchange/DataExchangeQuery.Codeunit.al,196,Internal,public/default,"GetEntry(var Argument: Record ""Message Argument ori"")",
Storage Takeover ori,app/src/Install/StorageTakeover.Codeunit.al,37,Internal,public/default,TakeOverAll(),
Storage Takeover ori,app/src/Install/StorageTakeover.Codeunit.al,48,Internal,internal,TryRunTakeOverAtInstall(): Boolean,
Storage Takeover ori,app/src/Install/StorageTakeover.Codeunit.al,75,Internal,internal,TryProbeTakeOverPermissions(var DeniedTableId: Integer): Boolean,
Storage Takeover ori,app/src/Install/StorageTakeover.Codeunit.al,177,Internal,internal,TakeOverAccessControl() Migrated: Integer,
Storage Takeover State ori,app/src/Install/StorageTakeoverState.Codeunit.al,22,Internal,internal,SetProbeDenial(TableId: Integer),
Storage Takeover State ori,app/src/Install/StorageTakeoverState.Codeunit.al,29,Internal,internal,ClearProbeDenial(),
Storage Takeover State ori,app/src/Install/StorageTakeoverState.Codeunit.al,36,Internal,internal,TryGetProbeDenial(var TableId: Integer): Boolean,
Storage Takeover State ori,app/src/Install/StorageTakeoverState.Codeunit.al,45,Internal,internal,SetLastSkip(DeniedTableId: Integer; ErrorText: Text),
Storage Takeover State ori,app/src/Install/StorageTakeoverState.Codeunit.al,53,Internal,internal,TryGetLastSkip(var DeniedTableId: Integer; var ErrorText: Text): Boolean,
Storage Takeover State ori,app/src/Install/StorageTakeoverState.Codeunit.al,63,Internal,internal,ClearLastSkip(),
Storage Install ori,app/src/Lifecycle/StorageInstall.Codeunit.al,66,Internal,public/default,GetInitialReleaseTag(): Code[250],Code[250]
Storage Link Upgrade ori,app/src/Lifecycle/StorageLinkUpgrade.Codeunit.al,31,Internal,public/default,PurgeOrphanAttachmentLinks(),
Storage Account List Impl ori,app/src/MessageTypes/Accounts/StorageAccountListImpl.Codeunit.al,15,Internal,public/default,IsEnabled(): Boolean,
Storage Account List Impl ori,app/src/MessageTypes/Accounts/StorageAccountListImpl.Codeunit.al,22,Internal,public/default,GetFilterTableNo(): Integer,
Storage Account List Impl ori,app/src/MessageTypes/Accounts/StorageAccountListImpl.Codeunit.al,27,Internal,public/default,GetDescription(): Text[250],Text[250]
Storage Account List Impl ori,app/src/MessageTypes/Accounts/StorageAccountListImpl.Codeunit.al,37,Internal,public/default,GetKeywords(): Text,
Storage Account List Impl ori,app/src/MessageTypes/Accounts/StorageAccountListImpl.Codeunit.al,46,Internal,public/default,GetSelectionDescription(): Text,
Storage Account List Impl ori,app/src/MessageTypes/Accounts/StorageAccountListImpl.Codeunit.al,53,Internal,public/default,GetEnvelope(var Envelope: JsonObject): Boolean,
Storage Account List Impl ori,app/src/MessageTypes/Accounts/StorageAccountListImpl.Codeunit.al,61,Internal,public/default,GetTarget(var Target: JsonArray): Boolean,
Storage Account List Impl ori,app/src/MessageTypes/Accounts/StorageAccountListImpl.Codeunit.al,66,Internal,public/default,GetParameters(var Parameters: JsonArray): Boolean,
Storage Account List Impl ori,app/src/MessageTypes/Accounts/StorageAccountListImpl.Codeunit.al,74,Internal,public/default,GetResponse(var Response: JsonObject): Boolean,
Storage Account List Impl ori,app/src/MessageTypes/Accounts/StorageAccountListImpl.Codeunit.al,82,Internal,public/default,GetErrors(var Errors: JsonArray): Boolean,
Storage Account List Impl ori,app/src/MessageTypes/Accounts/StorageAccountListImpl.Codeunit.al,90,Internal,public/default,GetEffect(var Effect: JsonObject): Boolean,
Storage Account List Impl ori,app/src/MessageTypes/Accounts/StorageAccountListImpl.Codeunit.al,98,Internal,public/default,GetMetering(var Metering: JsonObject): Boolean,
Storage Account List Impl ori,app/src/MessageTypes/Accounts/StorageAccountListImpl.Codeunit.al,103,Internal,public/default,GetRelated(var Related: JsonArray): Boolean,
Storage Account List Impl ori,app/src/MessageTypes/Accounts/StorageAccountListImpl.Codeunit.al,111,Internal,public/default,GetWorkflow(var Workflow: JsonObject): Boolean,
Storage Account List Impl ori,app/src/MessageTypes/Accounts/StorageAccountListImpl.Codeunit.al,116,Internal,public/default,GetExamples(var Examples: JsonArray): Boolean,
Storage Account List Impl ori,app/src/MessageTypes/Accounts/StorageAccountListImpl.Codeunit.al,121,Internal,public/default,GetOverview(var Overview: Text): Boolean,
Storage Account List Impl ori,app/src/MessageTypes/Accounts/StorageAccountListImpl.Codeunit.al,127,Internal,public/default,GetNotes(var Notes: Text): Boolean,
Storage Account List Impl ori,app/src/MessageTypes/Accounts/StorageAccountListImpl.Codeunit.al,133,Internal,public/default,"GetMessageDirection(): Enum ""Msg Direction ori""",
Storage Account List Impl ori,app/src/MessageTypes/Accounts/StorageAccountListImpl.Codeunit.al,138,Internal,public/default,"ExecuteBifrostTask(var Argument: Record ""Message Argument ori"")",
Storage Att. Offload Impl ori,app/src/MessageTypes/Attachments/StorageAttOffloadImpl.Codeunit.al,16,Internal,public/default,IsEnabled(): Boolean,
Storage Att. Offload Impl ori,app/src/MessageTypes/Attachments/StorageAttOffloadImpl.Codeunit.al,24,Internal,public/default,GetFilterTableNo(): Integer,
Storage Att. Offload Impl ori,app/src/MessageTypes/Attachments/StorageAttOffloadImpl.Codeunit.al,29,Internal,public/default,GetDescription(): Text[250],Text[250]
Storage Att. Offload Impl ori,app/src/MessageTypes/Attachments/StorageAttOffloadImpl.Codeunit.al,39,Internal,public/default,GetKeywords(): Text,
Storage Att. Offload Impl ori,app/src/MessageTypes/Attachments/StorageAttOffloadImpl.Codeunit.al,48,Internal,public/default,GetSelectionDescription(): Text,
Storage Att. Offload Impl ori,app/src/MessageTypes/Attachments/StorageAttOffloadImpl.Codeunit.al,55,Internal,public/default,GetEnvelope(var Envelope: JsonObject): Boolean,
Storage Att. Offload Impl ori,app/src/MessageTypes/Attachments/StorageAttOffloadImpl.Codeunit.al,63,Internal,public/default,GetTarget(var Target: JsonArray): Boolean,
Storage Att. Offload Impl ori,app/src/MessageTypes/Attachments/StorageAttOffloadImpl.Codeunit.al,71,Internal,public/default,GetParameters(var Parameters: JsonArray): Boolean,
Storage Att. Offload Impl ori,app/src/MessageTypes/Attachments/StorageAttOffloadImpl.Codeunit.al,79,Internal,public/default,GetResponse(var Response: JsonObject): Boolean,
Storage Att. Offload Impl ori,app/src/MessageTypes/Attachments/StorageAttOffloadImpl.Codeunit.al,87,Internal,public/default,GetErrors(var Errors: JsonArray): Boolean,
Storage Att. Offload Impl ori,app/src/MessageTypes/Attachments/StorageAttOffloadImpl.Codeunit.al,95,Internal,public/default,GetEffect(var Effect: JsonObject): Boolean,
Storage Att. Offload Impl ori,app/src/MessageTypes/Attachments/StorageAttOffloadImpl.Codeunit.al,103,Internal,public/default,GetMetering(var Metering: JsonObject): Boolean,
Storage Att. Offload Impl ori,app/src/MessageTypes/Attachments/StorageAttOffloadImpl.Codeunit.al,108,Internal,public/default,GetRelated(var Related: JsonArray): Boolean,
Storage Att. Offload Impl ori,app/src/MessageTypes/Attachments/StorageAttOffloadImpl.Codeunit.al,116,Internal,public/default,GetWorkflow(var Workflow: JsonObject): Boolean,
Storage Att. Offload Impl ori,app/src/MessageTypes/Attachments/StorageAttOffloadImpl.Codeunit.al,121,Internal,public/default,GetExamples(var Examples: JsonArray): Boolean,
Storage Att. Offload Impl ori,app/src/MessageTypes/Attachments/StorageAttOffloadImpl.Codeunit.al,126,Internal,public/default,GetOverview(var Overview: Text): Boolean,
Storage Att. Offload Impl ori,app/src/MessageTypes/Attachments/StorageAttOffloadImpl.Codeunit.al,132,Internal,public/default,GetNotes(var Notes: Text): Boolean,
Storage Att. Offload Impl ori,app/src/MessageTypes/Attachments/StorageAttOffloadImpl.Codeunit.al,138,Internal,public/default,"GetMessageDirection(): Enum ""Msg Direction ori""",
Storage Att. Offload Impl ori,app/src/MessageTypes/Attachments/StorageAttOffloadImpl.Codeunit.al,143,Internal,public/default,"ExecuteBifrostTask(var Argument: Record ""Message Argument ori"")",
Storage Att. Restore Impl ori,app/src/MessageTypes/Attachments/StorageAttRestoreImpl.Codeunit.al,15,Internal,public/default,IsEnabled(): Boolean,
Storage Att. Restore Impl ori,app/src/MessageTypes/Attachments/StorageAttRestoreImpl.Codeunit.al,23,Internal,public/default,GetFilterTableNo(): Integer,
Storage Att. Restore Impl ori,app/src/MessageTypes/Attachments/StorageAttRestoreImpl.Codeunit.al,28,Internal,public/default,GetDescription(): Text[250],Text[250]
Storage Att. Restore Impl ori,app/src/MessageTypes/Attachments/StorageAttRestoreImpl.Codeunit.al,38,Internal,public/default,GetKeywords(): Text,
Storage Att. Restore Impl ori,app/src/MessageTypes/Attachments/StorageAttRestoreImpl.Codeunit.al,47,Internal,public/default,GetSelectionDescription(): Text,
Storage Att. Restore Impl ori,app/src/MessageTypes/Attachments/StorageAttRestoreImpl.Codeunit.al,54,Internal,public/default,GetEnvelope(var Envelope: JsonObject): Boolean,
Storage Att. Restore Impl ori,app/src/MessageTypes/Attachments/StorageAttRestoreImpl.Codeunit.al,62,Internal,public/default,GetTarget(var Target: JsonArray): Boolean,
Storage Att. Restore Impl ori,app/src/MessageTypes/Attachments/StorageAttRestoreImpl.Codeunit.al,70,Internal,public/default,GetParameters(var Parameters: JsonArray): Boolean,
Storage Att. Restore Impl ori,app/src/MessageTypes/Attachments/StorageAttRestoreImpl.Codeunit.al,78,Internal,public/default,GetResponse(var Response: JsonObject): Boolean,
Storage Att. Restore Impl ori,app/src/MessageTypes/Attachments/StorageAttRestoreImpl.Codeunit.al,86,Internal,public/default,GetErrors(var Errors: JsonArray): Boolean,
Storage Att. Restore Impl ori,app/src/MessageTypes/Attachments/StorageAttRestoreImpl.Codeunit.al,94,Internal,public/default,GetEffect(var Effect: JsonObject): Boolean,
Storage Att. Restore Impl ori,app/src/MessageTypes/Attachments/StorageAttRestoreImpl.Codeunit.al,102,Internal,public/default,GetMetering(var Metering: JsonObject): Boolean,
Storage Att. Restore Impl ori,app/src/MessageTypes/Attachments/StorageAttRestoreImpl.Codeunit.al,107,Internal,public/default,GetRelated(var Related: JsonArray): Boolean,
Storage Att. Restore Impl ori,app/src/MessageTypes/Attachments/StorageAttRestoreImpl.Codeunit.al,115,Internal,public/default,GetWorkflow(var Workflow: JsonObject): Boolean,
Storage Att. Restore Impl ori,app/src/MessageTypes/Attachments/StorageAttRestoreImpl.Codeunit.al,120,Internal,public/default,GetExamples(var Examples: JsonArray): Boolean,
Storage Att. Restore Impl ori,app/src/MessageTypes/Attachments/StorageAttRestoreImpl.Codeunit.al,125,Internal,public/default,GetOverview(var Overview: Text): Boolean,
Storage Att. Restore Impl ori,app/src/MessageTypes/Attachments/StorageAttRestoreImpl.Codeunit.al,131,Internal,public/default,GetNotes(var Notes: Text): Boolean,
Storage Att. Restore Impl ori,app/src/MessageTypes/Attachments/StorageAttRestoreImpl.Codeunit.al,137,Internal,public/default,"GetMessageDirection(): Enum ""Msg Direction ori""",
Storage Att. Restore Impl ori,app/src/MessageTypes/Attachments/StorageAttRestoreImpl.Codeunit.al,142,Internal,public/default,"ExecuteBifrostTask(var Argument: Record ""Message Argument ori"")",
Storage Attach Link Impl ori,app/src/MessageTypes/Attachments/StorageAttachLinkImpl.Codeunit.al,16,Internal,public/default,IsEnabled(): Boolean,
Storage Attach Link Impl ori,app/src/MessageTypes/Attachments/StorageAttachLinkImpl.Codeunit.al,24,Internal,public/default,GetFilterTableNo(): Integer,
Storage Attach Link Impl ori,app/src/MessageTypes/Attachments/StorageAttachLinkImpl.Codeunit.al,29,Internal,public/default,GetDescription(): Text[250],Text[250]
Storage Attach Link Impl ori,app/src/MessageTypes/Attachments/StorageAttachLinkImpl.Codeunit.al,39,Internal,public/default,GetKeywords(): Text,
Storage Attach Link Impl ori,app/src/MessageTypes/Attachments/StorageAttachLinkImpl.Codeunit.al,48,Internal,public/default,GetSelectionDescription(): Text,
Storage Attach Link Impl ori,app/src/MessageTypes/Attachments/StorageAttachLinkImpl.Codeunit.al,55,Internal,public/default,GetEnvelope(var Envelope: JsonObject): Boolean,
Storage Attach Link Impl ori,app/src/MessageTypes/Attachments/StorageAttachLinkImpl.Codeunit.al,63,Internal,public/default,GetTarget(var Target: JsonArray): Boolean,
Storage Attach Link Impl ori,app/src/MessageTypes/Attachments/StorageAttachLinkImpl.Codeunit.al,68,Internal,public/default,GetParameters(var Parameters: JsonArray): Boolean,
Storage Attach Link Impl ori,app/src/MessageTypes/Attachments/StorageAttachLinkImpl.Codeunit.al,76,Internal,public/default,GetResponse(var Response: JsonObject): Boolean,
Storage Attach Link Impl ori,app/src/MessageTypes/Attachments/StorageAttachLinkImpl.Codeunit.al,84,Internal,public/default,GetErrors(var Errors: JsonArray): Boolean,
Storage Attach Link Impl ori,app/src/MessageTypes/Attachments/StorageAttachLinkImpl.Codeunit.al,92,Internal,public/default,GetEffect(var Effect: JsonObject): Boolean,
Storage Attach Link Impl ori,app/src/MessageTypes/Attachments/StorageAttachLinkImpl.Codeunit.al,100,Internal,public/default,GetMetering(var Metering: JsonObject): Boolean,
Storage Attach Link Impl ori,app/src/MessageTypes/Attachments/StorageAttachLinkImpl.Codeunit.al,105,Internal,public/default,GetRelated(var Related: JsonArray): Boolean,
Storage Attach Link Impl ori,app/src/MessageTypes/Attachments/StorageAttachLinkImpl.Codeunit.al,113,Internal,public/default,GetWorkflow(var Workflow: JsonObject): Boolean,
Storage Attach Link Impl ori,app/src/MessageTypes/Attachments/StorageAttachLinkImpl.Codeunit.al,118,Internal,public/default,GetExamples(var Examples: JsonArray): Boolean,
Storage Attach Link Impl ori,app/src/MessageTypes/Attachments/StorageAttachLinkImpl.Codeunit.al,123,Internal,public/default,GetOverview(var Overview: Text): Boolean,
Storage Attach Link Impl ori,app/src/MessageTypes/Attachments/StorageAttachLinkImpl.Codeunit.al,129,Internal,public/default,GetNotes(var Notes: Text): Boolean,
Storage Attach Link Impl ori,app/src/MessageTypes/Attachments/StorageAttachLinkImpl.Codeunit.al,135,Internal,public/default,"GetMessageDirection(): Enum ""Msg Direction ori""",
Storage Attach Link Impl ori,app/src/MessageTypes/Attachments/StorageAttachLinkImpl.Codeunit.al,140,Internal,public/default,"ExecuteBifrostTask(var Argument: Record ""Message Argument ori"")",
Storage Attach Record Impl ori,app/src/MessageTypes/Attachments/StorageAttachRecordImpl.Codeunit.al,16,Internal,public/default,IsEnabled(): Boolean,
Storage Attach Record Impl ori,app/src/MessageTypes/Attachments/StorageAttachRecordImpl.Codeunit.al,23,Internal,public/default,GetFilterTableNo(): Integer,
Storage Attach Record Impl ori,app/src/MessageTypes/Attachments/StorageAttachRecordImpl.Codeunit.al,28,Internal,public/default,GetDescription(): Text[250],Text[250]
Storage Attach Record Impl ori,app/src/MessageTypes/Attachments/StorageAttachRecordImpl.Codeunit.al,38,Internal,public/default,GetKeywords(): Text,
Storage Attach Record Impl ori,app/src/MessageTypes/Attachments/StorageAttachRecordImpl.Codeunit.al,47,Internal,public/default,GetSelectionDescription(): Text,
Storage Attach Record Impl ori,app/src/MessageTypes/Attachments/StorageAttachRecordImpl.Codeunit.al,54,Internal,public/default,GetEnvelope(var Envelope: JsonObject): Boolean,
Storage Attach Record Impl ori,app/src/MessageTypes/Attachments/StorageAttachRecordImpl.Codeunit.al,62,Internal,public/default,GetTarget(var Target: JsonArray): Boolean,
Storage Attach Record Impl ori,app/src/MessageTypes/Attachments/StorageAttachRecordImpl.Codeunit.al,67,Internal,public/default,GetParameters(var Parameters: JsonArray): Boolean,
Storage Attach Record Impl ori,app/src/MessageTypes/Attachments/StorageAttachRecordImpl.Codeunit.al,75,Internal,public/default,GetResponse(var Response: JsonObject): Boolean,
Storage Attach Record Impl ori,app/src/MessageTypes/Attachments/StorageAttachRecordImpl.Codeunit.al,83,Internal,public/default,GetErrors(var Errors: JsonArray): Boolean,
Storage Attach Record Impl ori,app/src/MessageTypes/Attachments/StorageAttachRecordImpl.Codeunit.al,91,Internal,public/default,GetEffect(var Effect: JsonObject): Boolean,
Storage Attach Record Impl ori,app/src/MessageTypes/Attachments/StorageAttachRecordImpl.Codeunit.al,99,Internal,public/default,GetMetering(var Metering: JsonObject): Boolean,
Storage Attach Record Impl ori,app/src/MessageTypes/Attachments/StorageAttachRecordImpl.Codeunit.al,104,Internal,public/default,GetRelated(var Related: JsonArray): Boolean,
Storage Attach Record Impl ori,app/src/MessageTypes/Attachments/StorageAttachRecordImpl.Codeunit.al,112,Internal,public/default,GetWorkflow(var Workflow: JsonObject): Boolean,
Storage Attach Record Impl ori,app/src/MessageTypes/Attachments/StorageAttachRecordImpl.Codeunit.al,117,Internal,public/default,GetExamples(var Examples: JsonArray): Boolean,
Storage Attach Record Impl ori,app/src/MessageTypes/Attachments/StorageAttachRecordImpl.Codeunit.al,122,Internal,public/default,GetOverview(var Overview: Text): Boolean,
Storage Attach Record Impl ori,app/src/MessageTypes/Attachments/StorageAttachRecordImpl.Codeunit.al,128,Internal,public/default,GetNotes(var Notes: Text): Boolean,
Storage Attach Record Impl ori,app/src/MessageTypes/Attachments/StorageAttachRecordImpl.Codeunit.al,134,Internal,public/default,"GetMessageDirection(): Enum ""Msg Direction ori""",
Storage Attach Record Impl ori,app/src/MessageTypes/Attachments/StorageAttachRecordImpl.Codeunit.al,139,Internal,public/default,"ExecuteBifrostTask(var Argument: Record ""Message Argument ori"")",
DataExch Def Delete Impl ori,app/src/MessageTypes/DataExchange/DataExchDefDeleteImpl.Codeunit.al,11,Internal,public/default,IsEnabled(): Boolean,
DataExch Def Delete Impl ori,app/src/MessageTypes/DataExchange/DataExchDefDeleteImpl.Codeunit.al,18,Internal,public/default,GetFilterTableNo(): Integer,
DataExch Def Delete Impl ori,app/src/MessageTypes/DataExchange/DataExchDefDeleteImpl.Codeunit.al,23,Internal,public/default,GetDescription(): Text[250],Text[250]
DataExch Def Delete Impl ori,app/src/MessageTypes/DataExchange/DataExchDefDeleteImpl.Codeunit.al,28,Internal,public/default,GetKeywords(): Text,
DataExch Def Delete Impl ori,app/src/MessageTypes/DataExchange/DataExchDefDeleteImpl.Codeunit.al,35,Internal,public/default,GetSelectionDescription(): Text,
DataExch Def Delete Impl ori,app/src/MessageTypes/DataExchange/DataExchDefDeleteImpl.Codeunit.al,42,Internal,public/default,GetEnvelope(var Envelope: JsonObject): Boolean,
DataExch Def Delete Impl ori,app/src/MessageTypes/DataExchange/DataExchDefDeleteImpl.Codeunit.al,49,Internal,public/default,GetTarget(var Target: JsonArray): Boolean,
DataExch Def Delete Impl ori,app/src/MessageTypes/DataExchange/DataExchDefDeleteImpl.Codeunit.al,54,Internal,public/default,GetParameters(var Parameters: JsonArray): Boolean,
DataExch Def Delete Impl ori,app/src/MessageTypes/DataExchange/DataExchDefDeleteImpl.Codeunit.al,64,Internal,public/default,GetResponse(var Response: JsonObject): Boolean,
DataExch Def Delete Impl ori,app/src/MessageTypes/DataExchange/DataExchDefDeleteImpl.Codeunit.al,70,Internal,public/default,GetErrors(var Errors: JsonArray): Boolean,
DataExch Def Delete Impl ori,app/src/MessageTypes/DataExchange/DataExchDefDeleteImpl.Codeunit.al,80,Internal,public/default,GetEffect(var Effect: JsonObject): Boolean,
DataExch Def Delete Impl ori,app/src/MessageTypes/DataExchange/DataExchDefDeleteImpl.Codeunit.al,86,Internal,public/default,GetMetering(var Metering: JsonObject): Boolean,
DataExch Def Delete Impl ori,app/src/MessageTypes/DataExchange/DataExchDefDeleteImpl.Codeunit.al,91,Internal,public/default,GetRelated(var Related: JsonArray): Boolean,
DataExch Def Delete Impl ori,app/src/MessageTypes/DataExchange/DataExchDefDeleteImpl.Codeunit.al,98,Internal,public/default,GetWorkflow(var Workflow: JsonObject): Boolean,
DataExch Def Delete Impl ori,app/src/MessageTypes/DataExchange/DataExchDefDeleteImpl.Codeunit.al,103,Internal,public/default,GetExamples(var Examples: JsonArray): Boolean,
DataExch Def Delete Impl ori,app/src/MessageTypes/DataExchange/DataExchDefDeleteImpl.Codeunit.al,108,Internal,public/default,GetOverview(var Overview: Text): Boolean,
DataExch Def Delete Impl ori,app/src/MessageTypes/DataExchange/DataExchDefDeleteImpl.Codeunit.al,114,Internal,public/default,GetNotes(var Notes: Text): Boolean,
DataExch Def Delete Impl ori,app/src/MessageTypes/DataExchange/DataExchDefDeleteImpl.Codeunit.al,120,Internal,public/default,"GetMessageDirection(): Enum ""Msg Direction ori""",
DataExch Def Delete Impl ori,app/src/MessageTypes/DataExchange/DataExchDefDeleteImpl.Codeunit.al,125,Internal,public/default,"ExecuteBifrostTask(var Argument: Record ""Message Argument ori"")",
DataExch Def Export Impl ori,app/src/MessageTypes/DataExchange/DataExchDefExportImpl.Codeunit.al,10,Internal,public/default,IsEnabled(): Boolean,
DataExch Def Export Impl ori,app/src/MessageTypes/DataExchange/DataExchDefExportImpl.Codeunit.al,17,Internal,public/default,GetFilterTableNo(): Integer,
DataExch Def Export Impl ori,app/src/MessageTypes/DataExchange/DataExchDefExportImpl.Codeunit.al,22,Internal,public/default,GetDescription(): Text[250],Text[250]
DataExch Def Export Impl ori,app/src/MessageTypes/DataExchange/DataExchDefExportImpl.Codeunit.al,27,Internal,public/default,GetKeywords(): Text,
DataExch Def Export Impl ori,app/src/MessageTypes/DataExchange/DataExchDefExportImpl.Codeunit.al,32,Internal,public/default,GetSelectionDescription(): Text,
DataExch Def Export Impl ori,app/src/MessageTypes/DataExchange/DataExchDefExportImpl.Codeunit.al,37,Internal,public/default,GetEnvelope(var Envelope: JsonObject): Boolean,
DataExch Def Export Impl ori,app/src/MessageTypes/DataExchange/DataExchDefExportImpl.Codeunit.al,44,Internal,public/default,GetTarget(var Target: JsonArray): Boolean,
DataExch Def Export Impl ori,app/src/MessageTypes/DataExchange/DataExchDefExportImpl.Codeunit.al,53,Internal,public/default,GetParameters(var Parameters: JsonArray): Boolean,
DataExch Def Export Impl ori,app/src/MessageTypes/DataExchange/DataExchDefExportImpl.Codeunit.al,64,Internal,public/default,GetResponse(var Response: JsonObject): Boolean,
DataExch Def Export Impl ori,app/src/MessageTypes/DataExchange/DataExchDefExportImpl.Codeunit.al,71,Internal,public/default,GetErrors(var Errors: JsonArray): Boolean,
DataExch Def Export Impl ori,app/src/MessageTypes/DataExchange/DataExchDefExportImpl.Codeunit.al,81,Internal,public/default,GetEffect(var Effect: JsonObject): Boolean,
DataExch Def Export Impl ori,app/src/MessageTypes/DataExchange/DataExchDefExportImpl.Codeunit.al,88,Internal,public/default,GetMetering(var Metering: JsonObject): Boolean,
DataExch Def Export Impl ori,app/src/MessageTypes/DataExchange/DataExchDefExportImpl.Codeunit.al,93,Internal,public/default,GetRelated(var Related: JsonArray): Boolean,
DataExch Def Export Impl ori,app/src/MessageTypes/DataExchange/DataExchDefExportImpl.Codeunit.al,100,Internal,public/default,GetWorkflow(var Workflow: JsonObject): Boolean,
DataExch Def Export Impl ori,app/src/MessageTypes/DataExchange/DataExchDefExportImpl.Codeunit.al,105,Internal,public/default,GetExamples(var Examples: JsonArray): Boolean,
DataExch Def Export Impl ori,app/src/MessageTypes/DataExchange/DataExchDefExportImpl.Codeunit.al,110,Internal,public/default,GetOverview(var Overview: Text): Boolean,
DataExch Def Export Impl ori,app/src/MessageTypes/DataExchange/DataExchDefExportImpl.Codeunit.al,116,Internal,public/default,GetNotes(var Notes: Text): Boolean,
DataExch Def Export Impl ori,app/src/MessageTypes/DataExchange/DataExchDefExportImpl.Codeunit.al,122,Internal,public/default,"GetMessageDirection(): Enum ""Msg Direction ori""",
DataExch Def Export Impl ori,app/src/MessageTypes/DataExchange/DataExchDefExportImpl.Codeunit.al,127,Internal,public/default,"ExecuteBifrostTask(var Argument: Record ""Message Argument ori"")",
DataExch Def Get Impl ori,app/src/MessageTypes/DataExchange/DataExchDefGetImpl.Codeunit.al,13,Internal,public/default,IsEnabled(): Boolean,
DataExch Def Get Impl ori,app/src/MessageTypes/DataExchange/DataExchDefGetImpl.Codeunit.al,20,Internal,public/default,GetFilterTableNo(): Integer,
DataExch Def Get Impl ori,app/src/MessageTypes/DataExchange/DataExchDefGetImpl.Codeunit.al,25,Internal,public/default,GetDescription(): Text[250],Text[250]
DataExch Def Get Impl ori,app/src/MessageTypes/DataExchange/DataExchDefGetImpl.Codeunit.al,30,Internal,public/default,GetKeywords(): Text,
DataExch Def Get Impl ori,app/src/MessageTypes/DataExchange/DataExchDefGetImpl.Codeunit.al,37,Internal,public/default,GetSelectionDescription(): Text,
DataExch Def Get Impl ori,app/src/MessageTypes/DataExchange/DataExchDefGetImpl.Codeunit.al,44,Internal,public/default,GetEnvelope(var Envelope: JsonObject): Boolean,
DataExch Def Get Impl ori,app/src/MessageTypes/DataExchange/DataExchDefGetImpl.Codeunit.al,52,Internal,public/default,GetTarget(var Target: JsonArray): Boolean,
DataExch Def Get Impl ori,app/src/MessageTypes/DataExchange/DataExchDefGetImpl.Codeunit.al,57,Internal,public/default,GetParameters(var Parameters: JsonArray): Boolean,
DataExch Def Get Impl ori,app/src/MessageTypes/DataExchange/DataExchDefGetImpl.Codeunit.al,65,Internal,public/default,GetResponse(var Response: JsonObject): Boolean,
DataExch Def Get Impl ori,app/src/MessageTypes/DataExchange/DataExchDefGetImpl.Codeunit.al,73,Internal,public/default,GetErrors(var Errors: JsonArray): Boolean,
DataExch Def Get Impl ori,app/src/MessageTypes/DataExchange/DataExchDefGetImpl.Codeunit.al,81,Internal,public/default,GetEffect(var Effect: JsonObject): Boolean,
DataExch Def Get Impl ori,app/src/MessageTypes/DataExchange/DataExchDefGetImpl.Codeunit.al,89,Internal,public/default,GetMetering(var Metering: JsonObject): Boolean,
DataExch Def Get Impl ori,app/src/MessageTypes/DataExchange/DataExchDefGetImpl.Codeunit.al,94,Internal,public/default,GetRelated(var Related: JsonArray): Boolean,
DataExch Def Get Impl ori,app/src/MessageTypes/DataExchange/DataExchDefGetImpl.Codeunit.al,102,Internal,public/default,GetWorkflow(var Workflow: JsonObject): Boolean,
DataExch Def Get Impl ori,app/src/MessageTypes/DataExchange/DataExchDefGetImpl.Codeunit.al,107,Internal,public/default,GetExamples(var Examples: JsonArray): Boolean,
DataExch Def Get Impl ori,app/src/MessageTypes/DataExchange/DataExchDefGetImpl.Codeunit.al,112,Internal,public/default,GetOverview(var Overview: Text): Boolean,
DataExch Def Get Impl ori,app/src/MessageTypes/DataExchange/DataExchDefGetImpl.Codeunit.al,118,Internal,public/default,GetNotes(var Notes: Text): Boolean,
DataExch Def Get Impl ori,app/src/MessageTypes/DataExchange/DataExchDefGetImpl.Codeunit.al,124,Internal,public/default,"GetMessageDirection(): Enum ""Msg Direction ori""",
DataExch Def Get Impl ori,app/src/MessageTypes/DataExchange/DataExchDefGetImpl.Codeunit.al,129,Internal,public/default,"ExecuteBifrostTask(var Argument: Record ""Message Argument ori"")",
DataExch Def Import Impl ori,app/src/MessageTypes/DataExchange/DataExchDefImportImpl.Codeunit.al,11,Internal,public/default,IsEnabled(): Boolean,
DataExch Def Import Impl ori,app/src/MessageTypes/DataExchange/DataExchDefImportImpl.Codeunit.al,16,Internal,public/default,GetFilterTableNo(): Integer,
DataExch Def Import Impl ori,app/src/MessageTypes/DataExchange/DataExchDefImportImpl.Codeunit.al,21,Internal,public/default,GetDescription(): Text[250],Text[250]
DataExch Def Import Impl ori,app/src/MessageTypes/DataExchange/DataExchDefImportImpl.Codeunit.al,26,Internal,public/default,GetKeywords(): Text,
DataExch Def Import Impl ori,app/src/MessageTypes/DataExchange/DataExchDefImportImpl.Codeunit.al,31,Internal,public/default,GetSelectionDescription(): Text,
DataExch Def Import Impl ori,app/src/MessageTypes/DataExchange/DataExchDefImportImpl.Codeunit.al,36,Internal,public/default,GetEnvelope(var Envelope: JsonObject): Boolean,
DataExch Def Import Impl ori,app/src/MessageTypes/DataExchange/DataExchDefImportImpl.Codeunit.al,44,Internal,public/default,GetTarget(var Target: JsonArray): Boolean,
DataExch Def Import Impl ori,app/src/MessageTypes/DataExchange/DataExchDefImportImpl.Codeunit.al,49,Internal,public/default,GetParameters(var Parameters: JsonArray): Boolean,
DataExch Def Import Impl ori,app/src/MessageTypes/DataExchange/DataExchDefImportImpl.Codeunit.al,61,Internal,public/default,GetResponse(var Response: JsonObject): Boolean,
DataExch Def Import Impl ori,app/src/MessageTypes/DataExchange/DataExchDefImportImpl.Codeunit.al,67,Internal,public/default,GetErrors(var Errors: JsonArray): Boolean,
DataExch Def Import Impl ori,app/src/MessageTypes/DataExchange/DataExchDefImportImpl.Codeunit.al,72,Internal,public/default,GetEffect(var Effect: JsonObject): Boolean,
DataExch Def Import Impl ori,app/src/MessageTypes/DataExchange/DataExchDefImportImpl.Codeunit.al,79,Internal,public/default,GetMetering(var Metering: JsonObject): Boolean,
DataExch Def Import Impl ori,app/src/MessageTypes/DataExchange/DataExchDefImportImpl.Codeunit.al,84,Internal,public/default,GetRelated(var Related: JsonArray): Boolean,
DataExch Def Import Impl ori,app/src/MessageTypes/DataExchange/DataExchDefImportImpl.Codeunit.al,91,Internal,public/default,GetWorkflow(var Workflow: JsonObject): Boolean,
DataExch Def Import Impl ori,app/src/MessageTypes/DataExchange/DataExchDefImportImpl.Codeunit.al,96,Internal,public/default,GetExamples(var Examples: JsonArray): Boolean,
DataExch Def Import Impl ori,app/src/MessageTypes/DataExchange/DataExchDefImportImpl.Codeunit.al,101,Internal,public/default,GetOverview(var Overview: Text): Boolean,
DataExch Def Import Impl ori,app/src/MessageTypes/DataExchange/DataExchDefImportImpl.Codeunit.al,107,Internal,public/default,GetNotes(var Notes: Text): Boolean,
DataExch Def Import Impl ori,app/src/MessageTypes/DataExchange/DataExchDefImportImpl.Codeunit.al,113,Internal,public/default,"GetMessageDirection(): Enum ""Msg Direction ori""",
DataExch Def Import Impl ori,app/src/MessageTypes/DataExchange/DataExchDefImportImpl.Codeunit.al,118,Internal,public/default,"ExecuteBifrostTask(var Argument: Record ""Message Argument ori"")",
DataExch Def List Impl ori,app/src/MessageTypes/DataExchange/DataExchDefListImpl.Codeunit.al,13,Internal,public/default,IsEnabled(): Boolean,
DataExch Def List Impl ori,app/src/MessageTypes/DataExchange/DataExchDefListImpl.Codeunit.al,20,Internal,public/default,GetFilterTableNo(): Integer,
DataExch Def List Impl ori,app/src/MessageTypes/DataExchange/DataExchDefListImpl.Codeunit.al,25,Internal,public/default,GetDescription(): Text[250],Text[250]
DataExch Def List Impl ori,app/src/MessageTypes/DataExchange/DataExchDefListImpl.Codeunit.al,30,Internal,public/default,GetKeywords(): Text,
DataExch Def List Impl ori,app/src/MessageTypes/DataExchange/DataExchDefListImpl.Codeunit.al,37,Internal,public/default,GetSelectionDescription(): Text,
DataExch Def List Impl ori,app/src/MessageTypes/DataExchange/DataExchDefListImpl.Codeunit.al,44,Internal,public/default,GetEnvelope(var Envelope: JsonObject): Boolean,
DataExch Def List Impl ori,app/src/MessageTypes/DataExchange/DataExchDefListImpl.Codeunit.al,52,Internal,public/default,GetTarget(var Target: JsonArray): Boolean,
DataExch Def List Impl ori,app/src/MessageTypes/DataExchange/DataExchDefListImpl.Codeunit.al,57,Internal,public/default,GetParameters(var Parameters: JsonArray): Boolean,
DataExch Def List Impl ori,app/src/MessageTypes/DataExchange/DataExchDefListImpl.Codeunit.al,65,Internal,public/default,GetResponse(var Response: JsonObject): Boolean,
DataExch Def List Impl ori,app/src/MessageTypes/DataExchange/DataExchDefListImpl.Codeunit.al,73,Internal,public/default,GetErrors(var Errors: JsonArray): Boolean,
DataExch Def List Impl ori,app/src/MessageTypes/DataExchange/DataExchDefListImpl.Codeunit.al,81,Internal,public/default,GetEffect(var Effect: JsonObject): Boolean,
DataExch Def List Impl ori,app/src/MessageTypes/DataExchange/DataExchDefListImpl.Codeunit.al,89,Internal,public/default,GetMetering(var Metering: JsonObject): Boolean,
DataExch Def List Impl ori,app/src/MessageTypes/DataExchange/DataExchDefListImpl.Codeunit.al,94,Internal,public/default,GetRelated(var Related: JsonArray): Boolean,
DataExch Def List Impl ori,app/src/MessageTypes/DataExchange/DataExchDefListImpl.Codeunit.al,102,Internal,public/default,GetWorkflow(var Workflow: JsonObject): Boolean,
DataExch Def List Impl ori,app/src/MessageTypes/DataExchange/DataExchDefListImpl.Codeunit.al,107,Internal,public/default,GetExamples(var Examples: JsonArray): Boolean,
DataExch Def List Impl ori,app/src/MessageTypes/DataExchange/DataExchDefListImpl.Codeunit.al,112,Internal,public/default,GetOverview(var Overview: Text): Boolean,
DataExch Def List Impl ori,app/src/MessageTypes/DataExchange/DataExchDefListImpl.Codeunit.al,118,Internal,public/default,GetNotes(var Notes: Text): Boolean,
DataExch Def List Impl ori,app/src/MessageTypes/DataExchange/DataExchDefListImpl.Codeunit.al,124,Internal,public/default,"GetMessageDirection(): Enum ""Msg Direction ori""",
DataExch Def List Impl ori,app/src/MessageTypes/DataExchange/DataExchDefListImpl.Codeunit.al,129,Internal,public/default,"ExecuteBifrostTask(var Argument: Record ""Message Argument ori"")",
DataExch Entry Del Impl ori,app/src/MessageTypes/DataExchange/DataExchEntryDeleteImpl.Codeunit.al,11,Internal,public/default,IsEnabled(): Boolean,
DataExch Entry Del Impl ori,app/src/MessageTypes/DataExchange/DataExchEntryDeleteImpl.Codeunit.al,16,Internal,public/default,GetFilterTableNo(): Integer,
DataExch Entry Del Impl ori,app/src/MessageTypes/DataExchange/DataExchEntryDeleteImpl.Codeunit.al,21,Internal,public/default,GetDescription(): Text[250],Text[250]
DataExch Entry Del Impl ori,app/src/MessageTypes/DataExchange/DataExchEntryDeleteImpl.Codeunit.al,26,Internal,public/default,GetKeywords(): Text,
DataExch Entry Del Impl ori,app/src/MessageTypes/DataExchange/DataExchEntryDeleteImpl.Codeunit.al,31,Internal,public/default,GetSelectionDescription(): Text,
DataExch Entry Del Impl ori,app/src/MessageTypes/DataExchange/DataExchEntryDeleteImpl.Codeunit.al,36,Internal,public/default,GetEnvelope(var Envelope: JsonObject): Boolean,
DataExch Entry Del Impl ori,app/src/MessageTypes/DataExchange/DataExchEntryDeleteImpl.Codeunit.al,44,Internal,public/default,GetTarget(var Target: JsonArray): Boolean,
DataExch Entry Del Impl ori,app/src/MessageTypes/DataExchange/DataExchEntryDeleteImpl.Codeunit.al,49,Internal,public/default,GetParameters(var Parameters: JsonArray): Boolean,
DataExch Entry Del Impl ori,app/src/MessageTypes/DataExchange/DataExchEntryDeleteImpl.Codeunit.al,61,Internal,public/default,GetResponse(var Response: JsonObject): Boolean,
DataExch Entry Del Impl ori,app/src/MessageTypes/DataExchange/DataExchEntryDeleteImpl.Codeunit.al,67,Internal,public/default,GetErrors(var Errors: JsonArray): Boolean,
DataExch Entry Del Impl ori,app/src/MessageTypes/DataExchange/DataExchEntryDeleteImpl.Codeunit.al,72,Internal,public/default,GetEffect(var Effect: JsonObject): Boolean,
DataExch Entry Del Impl ori,app/src/MessageTypes/DataExchange/DataExchEntryDeleteImpl.Codeunit.al,79,Internal,public/default,GetMetering(var Metering: JsonObject): Boolean,
DataExch Entry Del Impl ori,app/src/MessageTypes/DataExchange/DataExchEntryDeleteImpl.Codeunit.al,84,Internal,public/default,GetRelated(var Related: JsonArray): Boolean,
DataExch Entry Del Impl ori,app/src/MessageTypes/DataExchange/DataExchEntryDeleteImpl.Codeunit.al,91,Internal,public/default,GetWorkflow(var Workflow: JsonObject): Boolean,
DataExch Entry Del Impl ori,app/src/MessageTypes/DataExchange/DataExchEntryDeleteImpl.Codeunit.al,96,Internal,public/default,GetExamples(var Examples: JsonArray): Boolean,
DataExch Entry Del Impl ori,app/src/MessageTypes/DataExchange/DataExchEntryDeleteImpl.Codeunit.al,101,Internal,public/default,GetOverview(var Overview: Text): Boolean,
DataExch Entry Del Impl ori,app/src/MessageTypes/DataExchange/DataExchEntryDeleteImpl.Codeunit.al,107,Internal,public/default,GetNotes(var Notes: Text): Boolean,
DataExch Entry Del Impl ori,app/src/MessageTypes/DataExchange/DataExchEntryDeleteImpl.Codeunit.al,112,Internal,public/default,"GetMessageDirection(): Enum ""Msg Direction ori""",
DataExch Entry Del Impl ori,app/src/MessageTypes/DataExchange/DataExchEntryDeleteImpl.Codeunit.al,117,Internal,public/default,"ExecuteBifrostTask(var Argument: Record ""Message Argument ori"")",
DataExch Entry Get Impl ori,app/src/MessageTypes/DataExchange/DataExchEntryGetImpl.Codeunit.al,13,Internal,public/default,IsEnabled(): Boolean,
DataExch Entry Get Impl ori,app/src/MessageTypes/DataExchange/DataExchEntryGetImpl.Codeunit.al,20,Internal,public/default,GetFilterTableNo(): Integer,
DataExch Entry Get Impl ori,app/src/MessageTypes/DataExchange/DataExchEntryGetImpl.Codeunit.al,25,Internal,public/default,GetDescription(): Text[250],Text[250]
DataExch Entry Get Impl ori,app/src/MessageTypes/DataExchange/DataExchEntryGetImpl.Codeunit.al,30,Internal,public/default,GetKeywords(): Text,
DataExch Entry Get Impl ori,app/src/MessageTypes/DataExchange/DataExchEntryGetImpl.Codeunit.al,37,Internal,public/default,GetSelectionDescription(): Text,
DataExch Entry Get Impl ori,app/src/MessageTypes/DataExchange/DataExchEntryGetImpl.Codeunit.al,44,Internal,public/default,GetEnvelope(var Envelope: JsonObject): Boolean,
DataExch Entry Get Impl ori,app/src/MessageTypes/DataExchange/DataExchEntryGetImpl.Codeunit.al,52,Internal,public/default,GetTarget(var Target: JsonArray): Boolean,
DataExch Entry Get Impl ori,app/src/MessageTypes/DataExchange/DataExchEntryGetImpl.Codeunit.al,57,Internal,public/default,GetParameters(var Parameters: JsonArray): Boolean,
DataExch Entry Get Impl ori,app/src/MessageTypes/DataExchange/DataExchEntryGetImpl.Codeunit.al,65,Internal,public/default,GetResponse(var Response: JsonObject): Boolean,
DataExch Entry Get Impl ori,app/src/MessageTypes/DataExchange/DataExchEntryGetImpl.Codeunit.al,73,Internal,public/default,GetErrors(var Errors: JsonArray): Boolean,
DataExch Entry Get Impl ori,app/src/MessageTypes/DataExchange/DataExchEntryGetImpl.Codeunit.al,81,Internal,public/default,GetEffect(var Effect: JsonObject): Boolean,
DataExch Entry Get Impl ori,app/src/MessageTypes/DataExchange/DataExchEntryGetImpl.Codeunit.al,89,Internal,public/default,GetMetering(var Metering: JsonObject): Boolean,
DataExch Entry Get Impl ori,app/src/MessageTypes/DataExchange/DataExchEntryGetImpl.Codeunit.al,94,Internal,public/default,GetRelated(var Related: JsonArray): Boolean,
DataExch Entry Get Impl ori,app/src/MessageTypes/DataExchange/DataExchEntryGetImpl.Codeunit.al,102,Internal,public/default,GetWorkflow(var Workflow: JsonObject): Boolean,
DataExch Entry Get Impl ori,app/src/MessageTypes/DataExchange/DataExchEntryGetImpl.Codeunit.al,107,Internal,public/default,GetExamples(var Examples: JsonArray): Boolean,
DataExch Entry Get Impl ori,app/src/MessageTypes/DataExchange/DataExchEntryGetImpl.Codeunit.al,112,Internal,public/default,GetOverview(var Overview: Text): Boolean,
DataExch Entry Get Impl ori,app/src/MessageTypes/DataExchange/DataExchEntryGetImpl.Codeunit.al,118,Internal,public/default,GetNotes(var Notes: Text): Boolean,
DataExch Entry Get Impl ori,app/src/MessageTypes/DataExchange/DataExchEntryGetImpl.Codeunit.al,124,Internal,public/default,"GetMessageDirection(): Enum ""Msg Direction ori""",
DataExch Entry Get Impl ori,app/src/MessageTypes/DataExchange/DataExchEntryGetImpl.Codeunit.al,129,Internal,public/default,"ExecuteBifrostTask(var Argument: Record ""Message Argument ori"")",
DataExch Entry List Impl ori,app/src/MessageTypes/DataExchange/DataExchEntryListImpl.Codeunit.al,13,Internal,public/default,IsEnabled(): Boolean,
DataExch Entry List Impl ori,app/src/MessageTypes/DataExchange/DataExchEntryListImpl.Codeunit.al,20,Internal,public/default,GetFilterTableNo(): Integer,
DataExch Entry List Impl ori,app/src/MessageTypes/DataExchange/DataExchEntryListImpl.Codeunit.al,25,Internal,public/default,GetDescription(): Text[250],Text[250]
DataExch Entry List Impl ori,app/src/MessageTypes/DataExchange/DataExchEntryListImpl.Codeunit.al,30,Internal,public/default,GetKeywords(): Text,
DataExch Entry List Impl ori,app/src/MessageTypes/DataExchange/DataExchEntryListImpl.Codeunit.al,37,Internal,public/default,GetSelectionDescription(): Text,
DataExch Entry List Impl ori,app/src/MessageTypes/DataExchange/DataExchEntryListImpl.Codeunit.al,44,Internal,public/default,GetEnvelope(var Envelope: JsonObject): Boolean,
DataExch Entry List Impl ori,app/src/MessageTypes/DataExchange/DataExchEntryListImpl.Codeunit.al,52,Internal,public/default,GetTarget(var Target: JsonArray): Boolean,
DataExch Entry List Impl ori,app/src/MessageTypes/DataExchange/DataExchEntryListImpl.Codeunit.al,57,Internal,public/default,GetParameters(var Parameters: JsonArray): Boolean,
DataExch Entry List Impl ori,app/src/MessageTypes/DataExchange/DataExchEntryListImpl.Codeunit.al,65,Internal,public/default,GetResponse(var Response: JsonObject): Boolean,
DataExch Entry List Impl ori,app/src/MessageTypes/DataExchange/DataExchEntryListImpl.Codeunit.al,73,Internal,public/default,GetErrors(var Errors: JsonArray): Boolean,
DataExch Entry List Impl ori,app/src/MessageTypes/DataExchange/DataExchEntryListImpl.Codeunit.al,81,Internal,public/default,GetEffect(var Effect: JsonObject): Boolean,
DataExch Entry List Impl ori,app/src/MessageTypes/DataExchange/DataExchEntryListImpl.Codeunit.al,89,Internal,public/default,GetMetering(var Metering: JsonObject): Boolean,
DataExch Entry List Impl ori,app/src/MessageTypes/DataExchange/DataExchEntryListImpl.Codeunit.al,94,Internal,public/default,GetRelated(var Related: JsonArray): Boolean,
DataExch Entry List Impl ori,app/src/MessageTypes/DataExchange/DataExchEntryListImpl.Codeunit.al,102,Internal,public/default,GetWorkflow(var Workflow: JsonObject): Boolean,
DataExch Entry List Impl ori,app/src/MessageTypes/DataExchange/DataExchEntryListImpl.Codeunit.al,107,Internal,public/default,GetExamples(var Examples: JsonArray): Boolean,
DataExch Entry List Impl ori,app/src/MessageTypes/DataExchange/DataExchEntryListImpl.Codeunit.al,112,Internal,public/default,GetOverview(var Overview: Text): Boolean,
DataExch Entry List Impl ori,app/src/MessageTypes/DataExchange/DataExchEntryListImpl.Codeunit.al,118,Internal,public/default,GetNotes(var Notes: Text): Boolean,
DataExch Entry List Impl ori,app/src/MessageTypes/DataExchange/DataExchEntryListImpl.Codeunit.al,124,Internal,public/default,"GetMessageDirection(): Enum ""Msg Direction ori""",
DataExch Entry List Impl ori,app/src/MessageTypes/DataExchange/DataExchEntryListImpl.Codeunit.al,129,Internal,public/default,"ExecuteBifrostTask(var Argument: Record ""Message Argument ori"")",
DataExch Export Run Impl ori,app/src/MessageTypes/DataExchange/DataExchExportRunImpl.Codeunit.al,10,Internal,public/default,IsEnabled(): Boolean,
DataExch Export Run Impl ori,app/src/MessageTypes/DataExchange/DataExchExportRunImpl.Codeunit.al,17,Internal,public/default,GetFilterTableNo(): Integer,
DataExch Export Run Impl ori,app/src/MessageTypes/DataExchange/DataExchExportRunImpl.Codeunit.al,22,Internal,public/default,GetDescription(): Text[250],Text[250]
DataExch Export Run Impl ori,app/src/MessageTypes/DataExchange/DataExchExportRunImpl.Codeunit.al,27,Internal,public/default,GetKeywords(): Text,
DataExch Export Run Impl ori,app/src/MessageTypes/DataExchange/DataExchExportRunImpl.Codeunit.al,32,Internal,public/default,GetSelectionDescription(): Text,
DataExch Export Run Impl ori,app/src/MessageTypes/DataExchange/DataExchExportRunImpl.Codeunit.al,37,Internal,public/default,GetEnvelope(var Envelope: JsonObject): Boolean,
DataExch Export Run Impl ori,app/src/MessageTypes/DataExchange/DataExchExportRunImpl.Codeunit.al,44,Internal,public/default,GetTarget(var Target: JsonArray): Boolean,
DataExch Export Run Impl ori,app/src/MessageTypes/DataExchange/DataExchExportRunImpl.Codeunit.al,53,Internal,public/default,GetParameters(var Parameters: JsonArray): Boolean,
DataExch Export Run Impl ori,app/src/MessageTypes/DataExchange/DataExchExportRunImpl.Codeunit.al,69,Internal,public/default,GetResponse(var Response: JsonObject): Boolean,
DataExch Export Run Impl ori,app/src/MessageTypes/DataExchange/DataExchExportRunImpl.Codeunit.al,76,Internal,public/default,GetErrors(var Errors: JsonArray): Boolean,
DataExch Export Run Impl ori,app/src/MessageTypes/DataExchange/DataExchExportRunImpl.Codeunit.al,86,Internal,public/default,GetEffect(var Effect: JsonObject): Boolean,
DataExch Export Run Impl ori,app/src/MessageTypes/DataExchange/DataExchExportRunImpl.Codeunit.al,93,Internal,public/default,GetMetering(var Metering: JsonObject): Boolean,
DataExch Export Run Impl ori,app/src/MessageTypes/DataExchange/DataExchExportRunImpl.Codeunit.al,98,Internal,public/default,GetRelated(var Related: JsonArray): Boolean,
DataExch Export Run Impl ori,app/src/MessageTypes/DataExchange/DataExchExportRunImpl.Codeunit.al,105,Internal,public/default,GetWorkflow(var Workflow: JsonObject): Boolean,
DataExch Export Run Impl ori,app/src/MessageTypes/DataExchange/DataExchExportRunImpl.Codeunit.al,110,Internal,public/default,GetExamples(var Examples: JsonArray): Boolean,
DataExch Export Run Impl ori,app/src/MessageTypes/DataExchange/DataExchExportRunImpl.Codeunit.al,115,Internal,public/default,GetOverview(var Overview: Text): Boolean,
DataExch Export Run Impl ori,app/src/MessageTypes/DataExchange/DataExchExportRunImpl.Codeunit.al,121,Internal,public/default,GetNotes(var Notes: Text): Boolean,
DataExch Export Run Impl ori,app/src/MessageTypes/DataExchange/DataExchExportRunImpl.Codeunit.al,127,Internal,public/default,"GetMessageDirection(): Enum ""Msg Direction ori""",
DataExch Export Run Impl ori,app/src/MessageTypes/DataExchange/DataExchExportRunImpl.Codeunit.al,132,Internal,public/default,"ExecuteBifrostTask(var Argument: Record ""Message Argument ori"")",
DataExch Help Get Impl ori,app/src/MessageTypes/DataExchange/DataExchHelpGetImpl.Codeunit.al,13,Internal,public/default,IsEnabled(): Boolean,
DataExch Help Get Impl ori,app/src/MessageTypes/DataExchange/DataExchHelpGetImpl.Codeunit.al,18,Internal,public/default,GetFilterTableNo(): Integer,
DataExch Help Get Impl ori,app/src/MessageTypes/DataExchange/DataExchHelpGetImpl.Codeunit.al,23,Internal,public/default,GetDescription(): Text[250],Text[250]
DataExch Help Get Impl ori,app/src/MessageTypes/DataExchange/DataExchHelpGetImpl.Codeunit.al,28,Internal,public/default,GetKeywords(): Text,
DataExch Help Get Impl ori,app/src/MessageTypes/DataExchange/DataExchHelpGetImpl.Codeunit.al,35,Internal,public/default,GetSelectionDescription(): Text,
DataExch Help Get Impl ori,app/src/MessageTypes/DataExchange/DataExchHelpGetImpl.Codeunit.al,42,Internal,public/default,GetEnvelope(var Envelope: JsonObject): Boolean,
DataExch Help Get Impl ori,app/src/MessageTypes/DataExchange/DataExchHelpGetImpl.Codeunit.al,50,Internal,public/default,GetTarget(var Target: JsonArray): Boolean,
DataExch Help Get Impl ori,app/src/MessageTypes/DataExchange/DataExchHelpGetImpl.Codeunit.al,55,Internal,public/default,GetParameters(var Parameters: JsonArray): Boolean,
DataExch Help Get Impl ori,app/src/MessageTypes/DataExchange/DataExchHelpGetImpl.Codeunit.al,60,Internal,public/default,GetResponse(var Response: JsonObject): Boolean,
DataExch Help Get Impl ori,app/src/MessageTypes/DataExchange/DataExchHelpGetImpl.Codeunit.al,68,Internal,public/default,GetErrors(var Errors: JsonArray): Boolean,
DataExch Help Get Impl ori,app/src/MessageTypes/DataExchange/DataExchHelpGetImpl.Codeunit.al,76,Internal,public/default,GetEffect(var Effect: JsonObject): Boolean,
DataExch Help Get Impl ori,app/src/MessageTypes/DataExchange/DataExchHelpGetImpl.Codeunit.al,84,Internal,public/default,GetMetering(var Metering: JsonObject): Boolean,
DataExch Help Get Impl ori,app/src/MessageTypes/DataExchange/DataExchHelpGetImpl.Codeunit.al,89,Internal,public/default,GetRelated(var Related: JsonArray): Boolean,
DataExch Help Get Impl ori,app/src/MessageTypes/DataExchange/DataExchHelpGetImpl.Codeunit.al,97,Internal,public/default,GetWorkflow(var Workflow: JsonObject): Boolean,
DataExch Help Get Impl ori,app/src/MessageTypes/DataExchange/DataExchHelpGetImpl.Codeunit.al,102,Internal,public/default,GetExamples(var Examples: JsonArray): Boolean,
DataExch Help Get Impl ori,app/src/MessageTypes/DataExchange/DataExchHelpGetImpl.Codeunit.al,107,Internal,public/default,GetOverview(var Overview: Text): Boolean,
DataExch Help Get Impl ori,app/src/MessageTypes/DataExchange/DataExchHelpGetImpl.Codeunit.al,113,Internal,public/default,GetNotes(var Notes: Text): Boolean,
DataExch Help Get Impl ori,app/src/MessageTypes/DataExchange/DataExchHelpGetImpl.Codeunit.al,119,Internal,public/default,"GetMessageDirection(): Enum ""Msg Direction ori""",
DataExch Help Get Impl ori,app/src/MessageTypes/DataExchange/DataExchHelpGetImpl.Codeunit.al,124,Internal,public/default,"ExecuteBifrostTask(var Argument: Record ""Message Argument ori"")",
DataExch Import Run Impl ori,app/src/MessageTypes/DataExchange/DataExchImportRunImpl.Codeunit.al,10,Internal,public/default,IsEnabled(): Boolean,
DataExch Import Run Impl ori,app/src/MessageTypes/DataExchange/DataExchImportRunImpl.Codeunit.al,17,Internal,public/default,GetFilterTableNo(): Integer,
DataExch Import Run Impl ori,app/src/MessageTypes/DataExchange/DataExchImportRunImpl.Codeunit.al,22,Internal,public/default,GetDescription(): Text[250],Text[250]
DataExch Import Run Impl ori,app/src/MessageTypes/DataExchange/DataExchImportRunImpl.Codeunit.al,27,Internal,public/default,GetKeywords(): Text,
DataExch Import Run Impl ori,app/src/MessageTypes/DataExchange/DataExchImportRunImpl.Codeunit.al,34,Internal,public/default,GetSelectionDescription(): Text,
DataExch Import Run Impl ori,app/src/MessageTypes/DataExchange/DataExchImportRunImpl.Codeunit.al,41,Internal,public/default,GetEnvelope(var Envelope: JsonObject): Boolean,
DataExch Import Run Impl ori,app/src/MessageTypes/DataExchange/DataExchImportRunImpl.Codeunit.al,48,Internal,public/default,GetTarget(var Target: JsonArray): Boolean,
DataExch Import Run Impl ori,app/src/MessageTypes/DataExchange/DataExchImportRunImpl.Codeunit.al,53,Internal,public/default,GetParameters(var Parameters: JsonArray): Boolean,
DataExch Import Run Impl ori,app/src/MessageTypes/DataExchange/DataExchImportRunImpl.Codeunit.al,71,Internal,public/default,GetResponse(var Response: JsonObject): Boolean,
DataExch Import Run Impl ori,app/src/MessageTypes/DataExchange/DataExchImportRunImpl.Codeunit.al,78,Internal,public/default,GetErrors(var Errors: JsonArray): Boolean,
DataExch Import Run Impl ori,app/src/MessageTypes/DataExchange/DataExchImportRunImpl.Codeunit.al,88,Internal,public/default,GetEffect(var Effect: JsonObject): Boolean,
DataExch Import Run Impl ori,app/src/MessageTypes/DataExchange/DataExchImportRunImpl.Codeunit.al,94,Internal,public/default,GetMetering(var Metering: JsonObject): Boolean,
DataExch Import Run Impl ori,app/src/MessageTypes/DataExchange/DataExchImportRunImpl.Codeunit.al,99,Internal,public/default,GetRelated(var Related: JsonArray): Boolean,
DataExch Import Run Impl ori,app/src/MessageTypes/DataExchange/DataExchImportRunImpl.Codeunit.al,106,Internal,public/default,GetWorkflow(var Workflow: JsonObject): Boolean,
DataExch Import Run Impl ori,app/src/MessageTypes/DataExchange/DataExchImportRunImpl.Codeunit.al,111,Internal,public/default,GetExamples(var Examples: JsonArray): Boolean,
DataExch Import Run Impl ori,app/src/MessageTypes/DataExchange/DataExchImportRunImpl.Codeunit.al,116,Internal,public/default,GetOverview(var Overview: Text): Boolean,
DataExch Import Run Impl ori,app/src/MessageTypes/DataExchange/DataExchImportRunImpl.Codeunit.al,122,Internal,public/default,GetNotes(var Notes: Text): Boolean,
DataExch Import Run Impl ori,app/src/MessageTypes/DataExchange/DataExchImportRunImpl.Codeunit.al,128,Internal,public/default,"GetMessageDirection(): Enum ""Msg Direction ori""",
DataExch Import Run Impl ori,app/src/MessageTypes/DataExchange/DataExchImportRunImpl.Codeunit.al,133,Internal,public/default,"ExecuteBifrostTask(var Argument: Record ""Message Argument ori"")",
DataExch Type List Impl ori,app/src/MessageTypes/DataExchange/DataExchTypeListImpl.Codeunit.al,13,Internal,public/default,IsEnabled(): Boolean,
DataExch Type List Impl ori,app/src/MessageTypes/DataExchange/DataExchTypeListImpl.Codeunit.al,20,Internal,public/default,GetFilterTableNo(): Integer,
DataExch Type List Impl ori,app/src/MessageTypes/DataExchange/DataExchTypeListImpl.Codeunit.al,25,Internal,public/default,GetDescription(): Text[250],Text[250]
DataExch Type List Impl ori,app/src/MessageTypes/DataExchange/DataExchTypeListImpl.Codeunit.al,30,Internal,public/default,GetKeywords(): Text,
DataExch Type List Impl ori,app/src/MessageTypes/DataExchange/DataExchTypeListImpl.Codeunit.al,37,Internal,public/default,GetSelectionDescription(): Text,
DataExch Type List Impl ori,app/src/MessageTypes/DataExchange/DataExchTypeListImpl.Codeunit.al,44,Internal,public/default,GetEnvelope(var Envelope: JsonObject): Boolean,
DataExch Type List Impl ori,app/src/MessageTypes/DataExchange/DataExchTypeListImpl.Codeunit.al,52,Internal,public/default,GetTarget(var Target: JsonArray): Boolean,
DataExch Type List Impl ori,app/src/MessageTypes/DataExchange/DataExchTypeListImpl.Codeunit.al,57,Internal,public/default,GetParameters(var Parameters: JsonArray): Boolean,
DataExch Type List Impl ori,app/src/MessageTypes/DataExchange/DataExchTypeListImpl.Codeunit.al,62,Internal,public/default,GetResponse(var Response: JsonObject): Boolean,
DataExch Type List Impl ori,app/src/MessageTypes/DataExchange/DataExchTypeListImpl.Codeunit.al,70,Internal,public/default,GetErrors(var Errors: JsonArray): Boolean,
DataExch Type List Impl ori,app/src/MessageTypes/DataExchange/DataExchTypeListImpl.Codeunit.al,78,Internal,public/default,GetEffect(var Effect: JsonObject): Boolean,
DataExch Type List Impl ori,app/src/MessageTypes/DataExchange/DataExchTypeListImpl.Codeunit.al,86,Internal,public/default,GetMetering(var Metering: JsonObject): Boolean,
DataExch Type List Impl ori,app/src/MessageTypes/DataExchange/DataExchTypeListImpl.Codeunit.al,91,Internal,public/default,GetRelated(var Related: JsonArray): Boolean,
DataExch Type List Impl ori,app/src/MessageTypes/DataExchange/DataExchTypeListImpl.Codeunit.al,99,Internal,public/default,GetWorkflow(var Workflow: JsonObject): Boolean,
DataExch Type List Impl ori,app/src/MessageTypes/DataExchange/DataExchTypeListImpl.Codeunit.al,104,Internal,public/default,GetExamples(var Examples: JsonArray): Boolean,
DataExch Type List Impl ori,app/src/MessageTypes/DataExchange/DataExchTypeListImpl.Codeunit.al,109,Internal,public/default,GetOverview(var Overview: Text): Boolean,
DataExch Type List Impl ori,app/src/MessageTypes/DataExchange/DataExchTypeListImpl.Codeunit.al,115,Internal,public/default,GetNotes(var Notes: Text): Boolean,
DataExch Type List Impl ori,app/src/MessageTypes/DataExchange/DataExchTypeListImpl.Codeunit.al,121,Internal,public/default,"GetMessageDirection(): Enum ""Msg Direction ori""",
DataExch Type List Impl ori,app/src/MessageTypes/DataExchange/DataExchTypeListImpl.Codeunit.al,126,Internal,public/default,"ExecuteBifrostTask(var Argument: Record ""Message Argument ori"")",
DataExch Type Set Impl ori,app/src/MessageTypes/DataExchange/DataExchTypeSetImpl.Codeunit.al,10,Internal,public/default,IsEnabled(): Boolean,
DataExch Type Set Impl ori,app/src/MessageTypes/DataExchange/DataExchTypeSetImpl.Codeunit.al,17,Internal,public/default,GetFilterTableNo(): Integer,
DataExch Type Set Impl ori,app/src/MessageTypes/DataExchange/DataExchTypeSetImpl.Codeunit.al,22,Internal,public/default,GetDescription(): Text[250],Text[250]
DataExch Type Set Impl ori,app/src/MessageTypes/DataExchange/DataExchTypeSetImpl.Codeunit.al,27,Internal,public/default,GetKeywords(): Text,
DataExch Type Set Impl ori,app/src/MessageTypes/DataExchange/DataExchTypeSetImpl.Codeunit.al,32,Internal,public/default,GetSelectionDescription(): Text,
DataExch Type Set Impl ori,app/src/MessageTypes/DataExchange/DataExchTypeSetImpl.Codeunit.al,37,Internal,public/default,GetEnvelope(var Envelope: JsonObject): Boolean,
DataExch Type Set Impl ori,app/src/MessageTypes/DataExchange/DataExchTypeSetImpl.Codeunit.al,44,Internal,public/default,GetTarget(var Target: JsonArray): Boolean,
DataExch Type Set Impl ori,app/src/MessageTypes/DataExchange/DataExchTypeSetImpl.Codeunit.al,53,Internal,public/default,GetParameters(var Parameters: JsonArray): Boolean,
DataExch Type Set Impl ori,app/src/MessageTypes/DataExchange/DataExchTypeSetImpl.Codeunit.al,69,Internal,public/default,GetResponse(var Response: JsonObject): Boolean,
DataExch Type Set Impl ori,app/src/MessageTypes/DataExchange/DataExchTypeSetImpl.Codeunit.al,76,Internal,public/default,GetErrors(var Errors: JsonArray): Boolean,
DataExch Type Set Impl ori,app/src/MessageTypes/DataExchange/DataExchTypeSetImpl.Codeunit.al,86,Internal,public/default,GetEffect(var Effect: JsonObject): Boolean,
DataExch Type Set Impl ori,app/src/MessageTypes/DataExchange/DataExchTypeSetImpl.Codeunit.al,93,Internal,public/default,GetMetering(var Metering: JsonObject): Boolean,
DataExch Type Set Impl ori,app/src/MessageTypes/DataExchange/DataExchTypeSetImpl.Codeunit.al,98,Internal,public/default,GetRelated(var Related: JsonArray): Boolean,
DataExch Type Set Impl ori,app/src/MessageTypes/DataExchange/DataExchTypeSetImpl.Codeunit.al,105,Internal,public/default,GetWorkflow(var Workflow: JsonObject): Boolean,
DataExch Type Set Impl ori,app/src/MessageTypes/DataExchange/DataExchTypeSetImpl.Codeunit.al,110,Internal,public/default,GetExamples(var Examples: JsonArray): Boolean,
DataExch Type Set Impl ori,app/src/MessageTypes/DataExchange/DataExchTypeSetImpl.Codeunit.al,115,Internal,public/default,GetOverview(var Overview: Text): Boolean,
DataExch Type Set Impl ori,app/src/MessageTypes/DataExchange/DataExchTypeSetImpl.Codeunit.al,121,Internal,public/default,GetNotes(var Notes: Text): Boolean,
DataExch Type Set Impl ori,app/src/MessageTypes/DataExchange/DataExchTypeSetImpl.Codeunit.al,127,Internal,public/default,"GetMessageDirection(): Enum ""Msg Direction ori""",
DataExch Type Set Impl ori,app/src/MessageTypes/DataExchange/DataExchTypeSetImpl.Codeunit.al,132,Internal,public/default,"ExecuteBifrostTask(var Argument: Record ""Message Argument ori"")",
Storage Dir Create Impl ori,app/src/MessageTypes/Directories/StorageDirCreateImpl.Codeunit.al,13,Internal,public/default,IsEnabled(): Boolean,
Storage Dir Create Impl ori,app/src/MessageTypes/Directories/StorageDirCreateImpl.Codeunit.al,20,Internal,public/default,GetFilterTableNo(): Integer,
Storage Dir Create Impl ori,app/src/MessageTypes/Directories/StorageDirCreateImpl.Codeunit.al,25,Internal,public/default,GetDescription(): Text[250],Text[250]
Storage Dir Create Impl ori,app/src/MessageTypes/Directories/StorageDirCreateImpl.Codeunit.al,35,Internal,public/default,GetKeywords(): Text,
Storage Dir Create Impl ori,app/src/MessageTypes/Directories/StorageDirCreateImpl.Codeunit.al,44,Internal,public/default,GetSelectionDescription(): Text,
Storage Dir Create Impl ori,app/src/MessageTypes/Directories/StorageDirCreateImpl.Codeunit.al,51,Internal,public/default,GetEnvelope(var Envelope: JsonObject): Boolean,
Storage Dir Create Impl ori,app/src/MessageTypes/Directories/StorageDirCreateImpl.Codeunit.al,59,Internal,public/default,GetTarget(var Target: JsonArray): Boolean,
Storage Dir Create Impl ori,app/src/MessageTypes/Directories/StorageDirCreateImpl.Codeunit.al,64,Internal,public/default,GetParameters(var Parameters: JsonArray): Boolean,
Storage Dir Create Impl ori,app/src/MessageTypes/Directories/StorageDirCreateImpl.Codeunit.al,72,Internal,public/default,GetResponse(var Response: JsonObject): Boolean,
Storage Dir Create Impl ori,app/src/MessageTypes/Directories/StorageDirCreateImpl.Codeunit.al,80,Internal,public/default,GetErrors(var Errors: JsonArray): Boolean,
Storage Dir Create Impl ori,app/src/MessageTypes/Directories/StorageDirCreateImpl.Codeunit.al,88,Internal,public/default,GetEffect(var Effect: JsonObject): Boolean,
Storage Dir Create Impl ori,app/src/MessageTypes/Directories/StorageDirCreateImpl.Codeunit.al,96,Internal,public/default,GetMetering(var Metering: JsonObject): Boolean,
Storage Dir Create Impl ori,app/src/MessageTypes/Directories/StorageDirCreateImpl.Codeunit.al,101,Internal,public/default,GetRelated(var Related: JsonArray): Boolean,
Storage Dir Create Impl ori,app/src/MessageTypes/Directories/StorageDirCreateImpl.Codeunit.al,109,Internal,public/default,GetWorkflow(var Workflow: JsonObject): Boolean,
Storage Dir Create Impl ori,app/src/MessageTypes/Directories/StorageDirCreateImpl.Codeunit.al,114,Internal,public/default,GetExamples(var Examples: JsonArray): Boolean,
Storage Dir Create Impl ori,app/src/MessageTypes/Directories/StorageDirCreateImpl.Codeunit.al,119,Internal,public/default,GetOverview(var Overview: Text): Boolean,
Storage Dir Create Impl ori,app/src/MessageTypes/Directories/StorageDirCreateImpl.Codeunit.al,125,Internal,public/default,GetNotes(var Notes: Text): Boolean,
Storage Dir Create Impl ori,app/src/MessageTypes/Directories/StorageDirCreateImpl.Codeunit.al,131,Internal,public/default,"GetMessageDirection(): Enum ""Msg Direction ori""",
Storage Dir Create Impl ori,app/src/MessageTypes/Directories/StorageDirCreateImpl.Codeunit.al,136,Internal,public/default,"ExecuteBifrostTask(var Argument: Record ""Message Argument ori"")",
Storage Dir Delete Impl ori,app/src/MessageTypes/Directories/StorageDirDeleteImpl.Codeunit.al,13,Internal,public/default,IsEnabled(): Boolean,
Storage Dir Delete Impl ori,app/src/MessageTypes/Directories/StorageDirDeleteImpl.Codeunit.al,20,Internal,public/default,GetFilterTableNo(): Integer,
Storage Dir Delete Impl ori,app/src/MessageTypes/Directories/StorageDirDeleteImpl.Codeunit.al,25,Internal,public/default,GetDescription(): Text[250],Text[250]
Storage Dir Delete Impl ori,app/src/MessageTypes/Directories/StorageDirDeleteImpl.Codeunit.al,35,Internal,public/default,GetKeywords(): Text,
Storage Dir Delete Impl ori,app/src/MessageTypes/Directories/StorageDirDeleteImpl.Codeunit.al,44,Internal,public/default,GetSelectionDescription(): Text,
Storage Dir Delete Impl ori,app/src/MessageTypes/Directories/StorageDirDeleteImpl.Codeunit.al,51,Internal,public/default,GetEnvelope(var Envelope: JsonObject): Boolean,
Storage Dir Delete Impl ori,app/src/MessageTypes/Directories/StorageDirDeleteImpl.Codeunit.al,59,Internal,public/default,GetTarget(var Target: JsonArray): Boolean,
Storage Dir Delete Impl ori,app/src/MessageTypes/Directories/StorageDirDeleteImpl.Codeunit.al,64,Internal,public/default,GetParameters(var Parameters: JsonArray): Boolean,
Storage Dir Delete Impl ori,app/src/MessageTypes/Directories/StorageDirDeleteImpl.Codeunit.al,72,Internal,public/default,GetResponse(var Response: JsonObject): Boolean,
Storage Dir Delete Impl ori,app/src/MessageTypes/Directories/StorageDirDeleteImpl.Codeunit.al,80,Internal,public/default,GetErrors(var Errors: JsonArray): Boolean,
Storage Dir Delete Impl ori,app/src/MessageTypes/Directories/StorageDirDeleteImpl.Codeunit.al,88,Internal,public/default,GetEffect(var Effect: JsonObject): Boolean,
Storage Dir Delete Impl ori,app/src/MessageTypes/Directories/StorageDirDeleteImpl.Codeunit.al,96,Internal,public/default,GetMetering(var Metering: JsonObject): Boolean,
Storage Dir Delete Impl ori,app/src/MessageTypes/Directories/StorageDirDeleteImpl.Codeunit.al,101,Internal,public/default,GetRelated(var Related: JsonArray): Boolean,
Storage Dir Delete Impl ori,app/src/MessageTypes/Directories/StorageDirDeleteImpl.Codeunit.al,109,Internal,public/default,GetWorkflow(var Workflow: JsonObject): Boolean,
Storage Dir Delete Impl ori,app/src/MessageTypes/Directories/StorageDirDeleteImpl.Codeunit.al,114,Internal,public/default,GetExamples(var Examples: JsonArray): Boolean,
Storage Dir Delete Impl ori,app/src/MessageTypes/Directories/StorageDirDeleteImpl.Codeunit.al,119,Internal,public/default,GetOverview(var Overview: Text): Boolean,
Storage Dir Delete Impl ori,app/src/MessageTypes/Directories/StorageDirDeleteImpl.Codeunit.al,125,Internal,public/default,GetNotes(var Notes: Text): Boolean,
Storage Dir Delete Impl ori,app/src/MessageTypes/Directories/StorageDirDeleteImpl.Codeunit.al,131,Internal,public/default,"GetMessageDirection(): Enum ""Msg Direction ori""",
Storage Dir Delete Impl ori,app/src/MessageTypes/Directories/StorageDirDeleteImpl.Codeunit.al,136,Internal,public/default,"ExecuteBifrostTask(var Argument: Record ""Message Argument ori"")",
Storage Dir Exists Impl ori,app/src/MessageTypes/Directories/StorageDirExistsImpl.Codeunit.al,13,Internal,public/default,IsEnabled(): Boolean,
Storage Dir Exists Impl ori,app/src/MessageTypes/Directories/StorageDirExistsImpl.Codeunit.al,20,Internal,public/default,GetFilterTableNo(): Integer,
Storage Dir Exists Impl ori,app/src/MessageTypes/Directories/StorageDirExistsImpl.Codeunit.al,25,Internal,public/default,GetDescription(): Text[250],Text[250]
Storage Dir Exists Impl ori,app/src/MessageTypes/Directories/StorageDirExistsImpl.Codeunit.al,35,Internal,public/default,GetKeywords(): Text,
Storage Dir Exists Impl ori,app/src/MessageTypes/Directories/StorageDirExistsImpl.Codeunit.al,44,Internal,public/default,GetSelectionDescription(): Text,
Storage Dir Exists Impl ori,app/src/MessageTypes/Directories/StorageDirExistsImpl.Codeunit.al,51,Internal,public/default,GetEnvelope(var Envelope: JsonObject): Boolean,
Storage Dir Exists Impl ori,app/src/MessageTypes/Directories/StorageDirExistsImpl.Codeunit.al,59,Internal,public/default,GetTarget(var Target: JsonArray): Boolean,
Storage Dir Exists Impl ori,app/src/MessageTypes/Directories/StorageDirExistsImpl.Codeunit.al,64,Internal,public/default,GetParameters(var Parameters: JsonArray): Boolean,
Storage Dir Exists Impl ori,app/src/MessageTypes/Directories/StorageDirExistsImpl.Codeunit.al,72,Internal,public/default,GetResponse(var Response: JsonObject): Boolean,
Storage Dir Exists Impl ori,app/src/MessageTypes/Directories/StorageDirExistsImpl.Codeunit.al,80,Internal,public/default,GetErrors(var Errors: JsonArray): Boolean,
Storage Dir Exists Impl ori,app/src/MessageTypes/Directories/StorageDirExistsImpl.Codeunit.al,88,Internal,public/default,GetEffect(var Effect: JsonObject): Boolean,
Storage Dir Exists Impl ori,app/src/MessageTypes/Directories/StorageDirExistsImpl.Codeunit.al,96,Internal,public/default,GetMetering(var Metering: JsonObject): Boolean,
Storage Dir Exists Impl ori,app/src/MessageTypes/Directories/StorageDirExistsImpl.Codeunit.al,101,Internal,public/default,GetRelated(var Related: JsonArray): Boolean,
Storage Dir Exists Impl ori,app/src/MessageTypes/Directories/StorageDirExistsImpl.Codeunit.al,109,Internal,public/default,GetWorkflow(var Workflow: JsonObject): Boolean,
Storage Dir Exists Impl ori,app/src/MessageTypes/Directories/StorageDirExistsImpl.Codeunit.al,114,Internal,public/default,GetExamples(var Examples: JsonArray): Boolean,
Storage Dir Exists Impl ori,app/src/MessageTypes/Directories/StorageDirExistsImpl.Codeunit.al,119,Internal,public/default,GetOverview(var Overview: Text): Boolean,
Storage Dir Exists Impl ori,app/src/MessageTypes/Directories/StorageDirExistsImpl.Codeunit.al,125,Internal,public/default,GetNotes(var Notes: Text): Boolean,
Storage Dir Exists Impl ori,app/src/MessageTypes/Directories/StorageDirExistsImpl.Codeunit.al,131,Internal,public/default,"GetMessageDirection(): Enum ""Msg Direction ori""",
Storage Dir Exists Impl ori,app/src/MessageTypes/Directories/StorageDirExistsImpl.Codeunit.al,136,Internal,public/default,"ExecuteBifrostTask(var Argument: Record ""Message Argument ori"")",
Storage Dir List Impl ori,app/src/MessageTypes/Directories/StorageDirListImpl.Codeunit.al,14,Internal,public/default,IsEnabled(): Boolean,
Storage Dir List Impl ori,app/src/MessageTypes/Directories/StorageDirListImpl.Codeunit.al,21,Internal,public/default,GetFilterTableNo(): Integer,
Storage Dir List Impl ori,app/src/MessageTypes/Directories/StorageDirListImpl.Codeunit.al,26,Internal,public/default,GetDescription(): Text[250],Text[250]
Storage Dir List Impl ori,app/src/MessageTypes/Directories/StorageDirListImpl.Codeunit.al,36,Internal,public/default,GetKeywords(): Text,
Storage Dir List Impl ori,app/src/MessageTypes/Directories/StorageDirListImpl.Codeunit.al,45,Internal,public/default,GetSelectionDescription(): Text,
Storage Dir List Impl ori,app/src/MessageTypes/Directories/StorageDirListImpl.Codeunit.al,52,Internal,public/default,GetEnvelope(var Envelope: JsonObject): Boolean,
Storage Dir List Impl ori,app/src/MessageTypes/Directories/StorageDirListImpl.Codeunit.al,60,Internal,public/default,GetTarget(var Target: JsonArray): Boolean,
Storage Dir List Impl ori,app/src/MessageTypes/Directories/StorageDirListImpl.Codeunit.al,65,Internal,public/default,GetParameters(var Parameters: JsonArray): Boolean,
Storage Dir List Impl ori,app/src/MessageTypes/Directories/StorageDirListImpl.Codeunit.al,73,Internal,public/default,GetResponse(var Response: JsonObject): Boolean,
Storage Dir List Impl ori,app/src/MessageTypes/Directories/StorageDirListImpl.Codeunit.al,81,Internal,public/default,GetErrors(var Errors: JsonArray): Boolean,
Storage Dir List Impl ori,app/src/MessageTypes/Directories/StorageDirListImpl.Codeunit.al,89,Internal,public/default,GetEffect(var Effect: JsonObject): Boolean,
Storage Dir List Impl ori,app/src/MessageTypes/Directories/StorageDirListImpl.Codeunit.al,97,Internal,public/default,GetMetering(var Metering: JsonObject): Boolean,
Storage Dir List Impl ori,app/src/MessageTypes/Directories/StorageDirListImpl.Codeunit.al,102,Internal,public/default,GetRelated(var Related: JsonArray): Boolean,
Storage Dir List Impl ori,app/src/MessageTypes/Directories/StorageDirListImpl.Codeunit.al,110,Internal,public/default,GetWorkflow(var Workflow: JsonObject): Boolean,
Storage Dir List Impl ori,app/src/MessageTypes/Directories/StorageDirListImpl.Codeunit.al,115,Internal,public/default,GetExamples(var Examples: JsonArray): Boolean,
Storage Dir List Impl ori,app/src/MessageTypes/Directories/StorageDirListImpl.Codeunit.al,120,Internal,public/default,GetOverview(var Overview: Text): Boolean,
Storage Dir List Impl ori,app/src/MessageTypes/Directories/StorageDirListImpl.Codeunit.al,126,Internal,public/default,GetNotes(var Notes: Text): Boolean,
Storage Dir List Impl ori,app/src/MessageTypes/Directories/StorageDirListImpl.Codeunit.al,132,Internal,public/default,"GetMessageDirection(): Enum ""Msg Direction ori""",
Storage Dir List Impl ori,app/src/MessageTypes/Directories/StorageDirListImpl.Codeunit.al,137,Internal,public/default,"ExecuteBifrostTask(var Argument: Record ""Message Argument ori"")",
Storage File Copy Impl ori,app/src/MessageTypes/Files/StorageFileCopyImpl.Codeunit.al,13,Internal,public/default,IsEnabled(): Boolean,
Storage File Copy Impl ori,app/src/MessageTypes/Files/StorageFileCopyImpl.Codeunit.al,20,Internal,public/default,GetFilterTableNo(): Integer,
Storage File Copy Impl ori,app/src/MessageTypes/Files/StorageFileCopyImpl.Codeunit.al,25,Internal,public/default,GetDescription(): Text[250],Text[250]
Storage File Copy Impl ori,app/src/MessageTypes/Files/StorageFileCopyImpl.Codeunit.al,35,Internal,public/default,GetKeywords(): Text,
Storage File Copy Impl ori,app/src/MessageTypes/Files/StorageFileCopyImpl.Codeunit.al,44,Internal,public/default,GetSelectionDescription(): Text,
Storage File Copy Impl ori,app/src/MessageTypes/Files/StorageFileCopyImpl.Codeunit.al,51,Internal,public/default,GetEnvelope(var Envelope: JsonObject): Boolean,
Storage File Copy Impl ori,app/src/MessageTypes/Files/StorageFileCopyImpl.Codeunit.al,59,Internal,public/default,GetTarget(var Target: JsonArray): Boolean,
Storage File Copy Impl ori,app/src/MessageTypes/Files/StorageFileCopyImpl.Codeunit.al,64,Internal,public/default,GetParameters(var Parameters: JsonArray): Boolean,
Storage File Copy Impl ori,app/src/MessageTypes/Files/StorageFileCopyImpl.Codeunit.al,72,Internal,public/default,GetResponse(var Response: JsonObject): Boolean,
Storage File Copy Impl ori,app/src/MessageTypes/Files/StorageFileCopyImpl.Codeunit.al,80,Internal,public/default,GetErrors(var Errors: JsonArray): Boolean,
Storage File Copy Impl ori,app/src/MessageTypes/Files/StorageFileCopyImpl.Codeunit.al,88,Internal,public/default,GetEffect(var Effect: JsonObject): Boolean,
Storage File Copy Impl ori,app/src/MessageTypes/Files/StorageFileCopyImpl.Codeunit.al,96,Internal,public/default,GetMetering(var Metering: JsonObject): Boolean,
Storage File Copy Impl ori,app/src/MessageTypes/Files/StorageFileCopyImpl.Codeunit.al,101,Internal,public/default,GetRelated(var Related: JsonArray): Boolean,
Storage File Copy Impl ori,app/src/MessageTypes/Files/StorageFileCopyImpl.Codeunit.al,109,Internal,public/default,GetWorkflow(var Workflow: JsonObject): Boolean,
Storage File Copy Impl ori,app/src/MessageTypes/Files/StorageFileCopyImpl.Codeunit.al,114,Internal,public/default,GetExamples(var Examples: JsonArray): Boolean,
Storage File Copy Impl ori,app/src/MessageTypes/Files/StorageFileCopyImpl.Codeunit.al,119,Internal,public/default,GetOverview(var Overview: Text): Boolean,
Storage File Copy Impl ori,app/src/MessageTypes/Files/StorageFileCopyImpl.Codeunit.al,125,Internal,public/default,GetNotes(var Notes: Text): Boolean,
Storage File Copy Impl ori,app/src/MessageTypes/Files/StorageFileCopyImpl.Codeunit.al,131,Internal,public/default,"GetMessageDirection(): Enum ""Msg Direction ori""",
Storage File Copy Impl ori,app/src/MessageTypes/Files/StorageFileCopyImpl.Codeunit.al,136,Internal,public/default,"ExecuteBifrostTask(var Argument: Record ""Message Argument ori"")",
Storage File Create Impl ori,app/src/MessageTypes/Files/StorageFileCreateImpl.Codeunit.al,14,Internal,public/default,IsEnabled(): Boolean,
Storage File Create Impl ori,app/src/MessageTypes/Files/StorageFileCreateImpl.Codeunit.al,21,Internal,public/default,GetFilterTableNo(): Integer,
Storage File Create Impl ori,app/src/MessageTypes/Files/StorageFileCreateImpl.Codeunit.al,26,Internal,public/default,GetDescription(): Text[250],Text[250]
Storage File Create Impl ori,app/src/MessageTypes/Files/StorageFileCreateImpl.Codeunit.al,36,Internal,public/default,GetKeywords(): Text,
Storage File Create Impl ori,app/src/MessageTypes/Files/StorageFileCreateImpl.Codeunit.al,45,Internal,public/default,GetSelectionDescription(): Text,
Storage File Create Impl ori,app/src/MessageTypes/Files/StorageFileCreateImpl.Codeunit.al,52,Internal,public/default,GetEnvelope(var Envelope: JsonObject): Boolean,
Storage File Create Impl ori,app/src/MessageTypes/Files/StorageFileCreateImpl.Codeunit.al,60,Internal,public/default,GetTarget(var Target: JsonArray): Boolean,
Storage File Create Impl ori,app/src/MessageTypes/Files/StorageFileCreateImpl.Codeunit.al,65,Internal,public/default,GetParameters(var Parameters: JsonArray): Boolean,
Storage File Create Impl ori,app/src/MessageTypes/Files/StorageFileCreateImpl.Codeunit.al,73,Internal,public/default,GetResponse(var Response: JsonObject): Boolean,
Storage File Create Impl ori,app/src/MessageTypes/Files/StorageFileCreateImpl.Codeunit.al,81,Internal,public/default,GetErrors(var Errors: JsonArray): Boolean,
Storage File Create Impl ori,app/src/MessageTypes/Files/StorageFileCreateImpl.Codeunit.al,89,Internal,public/default,GetEffect(var Effect: JsonObject): Boolean,
Storage File Create Impl ori,app/src/MessageTypes/Files/StorageFileCreateImpl.Codeunit.al,97,Internal,public/default,GetMetering(var Metering: JsonObject): Boolean,
Storage File Create Impl ori,app/src/MessageTypes/Files/StorageFileCreateImpl.Codeunit.al,102,Internal,public/default,GetRelated(var Related: JsonArray): Boolean,
Storage File Create Impl ori,app/src/MessageTypes/Files/StorageFileCreateImpl.Codeunit.al,110,Internal,public/default,GetWorkflow(var Workflow: JsonObject): Boolean,
Storage File Create Impl ori,app/src/MessageTypes/Files/StorageFileCreateImpl.Codeunit.al,115,Internal,public/default,GetExamples(var Examples: JsonArray): Boolean,
Storage File Create Impl ori,app/src/MessageTypes/Files/StorageFileCreateImpl.Codeunit.al,120,Internal,public/default,GetOverview(var Overview: Text): Boolean,
Storage File Create Impl ori,app/src/MessageTypes/Files/StorageFileCreateImpl.Codeunit.al,126,Internal,public/default,GetNotes(var Notes: Text): Boolean,
Storage File Create Impl ori,app/src/MessageTypes/Files/StorageFileCreateImpl.Codeunit.al,132,Internal,public/default,"GetMessageDirection(): Enum ""Msg Direction ori""",
Storage File Create Impl ori,app/src/MessageTypes/Files/StorageFileCreateImpl.Codeunit.al,137,Internal,public/default,"ExecuteBifrostTask(var Argument: Record ""Message Argument ori"")",
Storage File Delete Impl ori,app/src/MessageTypes/Files/StorageFileDeleteImpl.Codeunit.al,13,Internal,public/default,IsEnabled(): Boolean,
Storage File Delete Impl ori,app/src/MessageTypes/Files/StorageFileDeleteImpl.Codeunit.al,20,Internal,public/default,GetFilterTableNo(): Integer,
Storage File Delete Impl ori,app/src/MessageTypes/Files/StorageFileDeleteImpl.Codeunit.al,25,Internal,public/default,GetDescription(): Text[250],Text[250]
Storage File Delete Impl ori,app/src/MessageTypes/Files/StorageFileDeleteImpl.Codeunit.al,35,Internal,public/default,GetKeywords(): Text,
Storage File Delete Impl ori,app/src/MessageTypes/Files/StorageFileDeleteImpl.Codeunit.al,44,Internal,public/default,GetSelectionDescription(): Text,
Storage File Delete Impl ori,app/src/MessageTypes/Files/StorageFileDeleteImpl.Codeunit.al,51,Internal,public/default,GetEnvelope(var Envelope: JsonObject): Boolean,
Storage File Delete Impl ori,app/src/MessageTypes/Files/StorageFileDeleteImpl.Codeunit.al,59,Internal,public/default,GetTarget(var Target: JsonArray): Boolean,
Storage File Delete Impl ori,app/src/MessageTypes/Files/StorageFileDeleteImpl.Codeunit.al,64,Internal,public/default,GetParameters(var Parameters: JsonArray): Boolean,
Storage File Delete Impl ori,app/src/MessageTypes/Files/StorageFileDeleteImpl.Codeunit.al,72,Internal,public/default,GetResponse(var Response: JsonObject): Boolean,
Storage File Delete Impl ori,app/src/MessageTypes/Files/StorageFileDeleteImpl.Codeunit.al,80,Internal,public/default,GetErrors(var Errors: JsonArray): Boolean,
Storage File Delete Impl ori,app/src/MessageTypes/Files/StorageFileDeleteImpl.Codeunit.al,88,Internal,public/default,GetEffect(var Effect: JsonObject): Boolean,
Storage File Delete Impl ori,app/src/MessageTypes/Files/StorageFileDeleteImpl.Codeunit.al,96,Internal,public/default,GetMetering(var Metering: JsonObject): Boolean,
Storage File Delete Impl ori,app/src/MessageTypes/Files/StorageFileDeleteImpl.Codeunit.al,101,Internal,public/default,GetRelated(var Related: JsonArray): Boolean,
Storage File Delete Impl ori,app/src/MessageTypes/Files/StorageFileDeleteImpl.Codeunit.al,109,Internal,public/default,GetWorkflow(var Workflow: JsonObject): Boolean,
Storage File Delete Impl ori,app/src/MessageTypes/Files/StorageFileDeleteImpl.Codeunit.al,114,Internal,public/default,GetExamples(var Examples: JsonArray): Boolean,
Storage File Delete Impl ori,app/src/MessageTypes/Files/StorageFileDeleteImpl.Codeunit.al,119,Internal,public/default,GetOverview(var Overview: Text): Boolean,
Storage File Delete Impl ori,app/src/MessageTypes/Files/StorageFileDeleteImpl.Codeunit.al,125,Internal,public/default,GetNotes(var Notes: Text): Boolean,
Storage File Delete Impl ori,app/src/MessageTypes/Files/StorageFileDeleteImpl.Codeunit.al,131,Internal,public/default,"GetMessageDirection(): Enum ""Msg Direction ori""",
Storage File Delete Impl ori,app/src/MessageTypes/Files/StorageFileDeleteImpl.Codeunit.al,136,Internal,public/default,"ExecuteBifrostTask(var Argument: Record ""Message Argument ori"")",
Storage File Exists Impl ori,app/src/MessageTypes/Files/StorageFileExistsImpl.Codeunit.al,13,Internal,public/default,IsEnabled(): Boolean,
Storage File Exists Impl ori,app/src/MessageTypes/Files/StorageFileExistsImpl.Codeunit.al,20,Internal,public/default,GetFilterTableNo(): Integer,
Storage File Exists Impl ori,app/src/MessageTypes/Files/StorageFileExistsImpl.Codeunit.al,25,Internal,public/default,GetDescription(): Text[250],Text[250]
Storage File Exists Impl ori,app/src/MessageTypes/Files/StorageFileExistsImpl.Codeunit.al,35,Internal,public/default,GetKeywords(): Text,
Storage File Exists Impl ori,app/src/MessageTypes/Files/StorageFileExistsImpl.Codeunit.al,44,Internal,public/default,GetSelectionDescription(): Text,
Storage File Exists Impl ori,app/src/MessageTypes/Files/StorageFileExistsImpl.Codeunit.al,51,Internal,public/default,GetEnvelope(var Envelope: JsonObject): Boolean,
Storage File Exists Impl ori,app/src/MessageTypes/Files/StorageFileExistsImpl.Codeunit.al,59,Internal,public/default,GetTarget(var Target: JsonArray): Boolean,
Storage File Exists Impl ori,app/src/MessageTypes/Files/StorageFileExistsImpl.Codeunit.al,64,Internal,public/default,GetParameters(var Parameters: JsonArray): Boolean,
Storage File Exists Impl ori,app/src/MessageTypes/Files/StorageFileExistsImpl.Codeunit.al,72,Internal,public/default,GetResponse(var Response: JsonObject): Boolean,
Storage File Exists Impl ori,app/src/MessageTypes/Files/StorageFileExistsImpl.Codeunit.al,80,Internal,public/default,GetErrors(var Errors: JsonArray): Boolean,
Storage File Exists Impl ori,app/src/MessageTypes/Files/StorageFileExistsImpl.Codeunit.al,88,Internal,public/default,GetEffect(var Effect: JsonObject): Boolean,
Storage File Exists Impl ori,app/src/MessageTypes/Files/StorageFileExistsImpl.Codeunit.al,96,Internal,public/default,GetMetering(var Metering: JsonObject): Boolean,
Storage File Exists Impl ori,app/src/MessageTypes/Files/StorageFileExistsImpl.Codeunit.al,101,Internal,public/default,GetRelated(var Related: JsonArray): Boolean,
Storage File Exists Impl ori,app/src/MessageTypes/Files/StorageFileExistsImpl.Codeunit.al,109,Internal,public/default,GetWorkflow(var Workflow: JsonObject): Boolean,
Storage File Exists Impl ori,app/src/MessageTypes/Files/StorageFileExistsImpl.Codeunit.al,114,Internal,public/default,GetExamples(var Examples: JsonArray): Boolean,
Storage File Exists Impl ori,app/src/MessageTypes/Files/StorageFileExistsImpl.Codeunit.al,119,Internal,public/default,GetOverview(var Overview: Text): Boolean,
Storage File Exists Impl ori,app/src/MessageTypes/Files/StorageFileExistsImpl.Codeunit.al,125,Internal,public/default,GetNotes(var Notes: Text): Boolean,
Storage File Exists Impl ori,app/src/MessageTypes/Files/StorageFileExistsImpl.Codeunit.al,131,Internal,public/default,"GetMessageDirection(): Enum ""Msg Direction ori""",
Storage File Exists Impl ori,app/src/MessageTypes/Files/StorageFileExistsImpl.Codeunit.al,136,Internal,public/default,"ExecuteBifrostTask(var Argument: Record ""Message Argument ori"")",
Storage File Get Impl ori,app/src/MessageTypes/Files/StorageFileGetImpl.Codeunit.al,13,Internal,public/default,IsEnabled(): Boolean,
Storage File Get Impl ori,app/src/MessageTypes/Files/StorageFileGetImpl.Codeunit.al,20,Internal,public/default,GetFilterTableNo(): Integer,
Storage File Get Impl ori,app/src/MessageTypes/Files/StorageFileGetImpl.Codeunit.al,25,Internal,public/default,GetDescription(): Text[250],Text[250]
Storage File Get Impl ori,app/src/MessageTypes/Files/StorageFileGetImpl.Codeunit.al,35,Internal,public/default,GetKeywords(): Text,
Storage File Get Impl ori,app/src/MessageTypes/Files/StorageFileGetImpl.Codeunit.al,44,Internal,public/default,GetSelectionDescription(): Text,
Storage File Get Impl ori,app/src/MessageTypes/Files/StorageFileGetImpl.Codeunit.al,51,Internal,public/default,GetEnvelope(var Envelope: JsonObject): Boolean,
Storage File Get Impl ori,app/src/MessageTypes/Files/StorageFileGetImpl.Codeunit.al,59,Internal,public/default,GetTarget(var Target: JsonArray): Boolean,
Storage File Get Impl ori,app/src/MessageTypes/Files/StorageFileGetImpl.Codeunit.al,64,Internal,public/default,GetParameters(var Parameters: JsonArray): Boolean,
Storage File Get Impl ori,app/src/MessageTypes/Files/StorageFileGetImpl.Codeunit.al,72,Internal,public/default,GetResponse(var Response: JsonObject): Boolean,
Storage File Get Impl ori,app/src/MessageTypes/Files/StorageFileGetImpl.Codeunit.al,80,Internal,public/default,GetErrors(var Errors: JsonArray): Boolean,
Storage File Get Impl ori,app/src/MessageTypes/Files/StorageFileGetImpl.Codeunit.al,88,Internal,public/default,GetEffect(var Effect: JsonObject): Boolean,
Storage File Get Impl ori,app/src/MessageTypes/Files/StorageFileGetImpl.Codeunit.al,96,Internal,public/default,GetMetering(var Metering: JsonObject): Boolean,
Storage File Get Impl ori,app/src/MessageTypes/Files/StorageFileGetImpl.Codeunit.al,101,Internal,public/default,GetRelated(var Related: JsonArray): Boolean,
Storage File Get Impl ori,app/src/MessageTypes/Files/StorageFileGetImpl.Codeunit.al,109,Internal,public/default,GetWorkflow(var Workflow: JsonObject): Boolean,
Storage File Get Impl ori,app/src/MessageTypes/Files/StorageFileGetImpl.Codeunit.al,114,Internal,public/default,GetExamples(var Examples: JsonArray): Boolean,
Storage File Get Impl ori,app/src/MessageTypes/Files/StorageFileGetImpl.Codeunit.al,119,Internal,public/default,GetOverview(var Overview: Text): Boolean,
Storage File Get Impl ori,app/src/MessageTypes/Files/StorageFileGetImpl.Codeunit.al,125,Internal,public/default,GetNotes(var Notes: Text): Boolean,
Storage File Get Impl ori,app/src/MessageTypes/Files/StorageFileGetImpl.Codeunit.al,131,Internal,public/default,"GetMessageDirection(): Enum ""Msg Direction ori""",
Storage File Get Impl ori,app/src/MessageTypes/Files/StorageFileGetImpl.Codeunit.al,136,Internal,public/default,"ExecuteBifrostTask(var Argument: Record ""Message Argument ori"")",
Storage File List Impl ori,app/src/MessageTypes/Files/StorageFileListImpl.Codeunit.al,14,Internal,public/default,IsEnabled(): Boolean,
Storage File List Impl ori,app/src/MessageTypes/Files/StorageFileListImpl.Codeunit.al,21,Internal,public/default,GetFilterTableNo(): Integer,
Storage File List Impl ori,app/src/MessageTypes/Files/StorageFileListImpl.Codeunit.al,26,Internal,public/default,GetDescription(): Text[250],Text[250]
Storage File List Impl ori,app/src/MessageTypes/Files/StorageFileListImpl.Codeunit.al,36,Internal,public/default,GetKeywords(): Text,
Storage File List Impl ori,app/src/MessageTypes/Files/StorageFileListImpl.Codeunit.al,45,Internal,public/default,GetSelectionDescription(): Text,
Storage File List Impl ori,app/src/MessageTypes/Files/StorageFileListImpl.Codeunit.al,52,Internal,public/default,GetEnvelope(var Envelope: JsonObject): Boolean,
Storage File List Impl ori,app/src/MessageTypes/Files/StorageFileListImpl.Codeunit.al,60,Internal,public/default,GetTarget(var Target: JsonArray): Boolean,
Storage File List Impl ori,app/src/MessageTypes/Files/StorageFileListImpl.Codeunit.al,65,Internal,public/default,GetParameters(var Parameters: JsonArray): Boolean,
Storage File List Impl ori,app/src/MessageTypes/Files/StorageFileListImpl.Codeunit.al,73,Internal,public/default,GetResponse(var Response: JsonObject): Boolean,
Storage File List Impl ori,app/src/MessageTypes/Files/StorageFileListImpl.Codeunit.al,81,Internal,public/default,GetErrors(var Errors: JsonArray): Boolean,
Storage File List Impl ori,app/src/MessageTypes/Files/StorageFileListImpl.Codeunit.al,89,Internal,public/default,GetEffect(var Effect: JsonObject): Boolean,
Storage File List Impl ori,app/src/MessageTypes/Files/StorageFileListImpl.Codeunit.al,97,Internal,public/default,GetMetering(var Metering: JsonObject): Boolean,
Storage File List Impl ori,app/src/MessageTypes/Files/StorageFileListImpl.Codeunit.al,102,Internal,public/default,GetRelated(var Related: JsonArray): Boolean,
Storage File List Impl ori,app/src/MessageTypes/Files/StorageFileListImpl.Codeunit.al,110,Internal,public/default,GetWorkflow(var Workflow: JsonObject): Boolean,
Storage File List Impl ori,app/src/MessageTypes/Files/StorageFileListImpl.Codeunit.al,115,Internal,public/default,GetExamples(var Examples: JsonArray): Boolean,
Storage File List Impl ori,app/src/MessageTypes/Files/StorageFileListImpl.Codeunit.al,120,Internal,public/default,GetOverview(var Overview: Text): Boolean,
Storage File List Impl ori,app/src/MessageTypes/Files/StorageFileListImpl.Codeunit.al,126,Internal,public/default,GetNotes(var Notes: Text): Boolean,
Storage File List Impl ori,app/src/MessageTypes/Files/StorageFileListImpl.Codeunit.al,132,Internal,public/default,"GetMessageDirection(): Enum ""Msg Direction ori""",
Storage File List Impl ori,app/src/MessageTypes/Files/StorageFileListImpl.Codeunit.al,137,Internal,public/default,"ExecuteBifrostTask(var Argument: Record ""Message Argument ori"")",
Storage File Move Impl ori,app/src/MessageTypes/Files/StorageFileMoveImpl.Codeunit.al,13,Internal,public/default,IsEnabled(): Boolean,
Storage File Move Impl ori,app/src/MessageTypes/Files/StorageFileMoveImpl.Codeunit.al,20,Internal,public/default,GetFilterTableNo(): Integer,
Storage File Move Impl ori,app/src/MessageTypes/Files/StorageFileMoveImpl.Codeunit.al,25,Internal,public/default,GetDescription(): Text[250],Text[250]
Storage File Move Impl ori,app/src/MessageTypes/Files/StorageFileMoveImpl.Codeunit.al,35,Internal,public/default,GetKeywords(): Text,
Storage File Move Impl ori,app/src/MessageTypes/Files/StorageFileMoveImpl.Codeunit.al,44,Internal,public/default,GetSelectionDescription(): Text,
Storage File Move Impl ori,app/src/MessageTypes/Files/StorageFileMoveImpl.Codeunit.al,51,Internal,public/default,GetEnvelope(var Envelope: JsonObject): Boolean,
Storage File Move Impl ori,app/src/MessageTypes/Files/StorageFileMoveImpl.Codeunit.al,59,Internal,public/default,GetTarget(var Target: JsonArray): Boolean,
Storage File Move Impl ori,app/src/MessageTypes/Files/StorageFileMoveImpl.Codeunit.al,64,Internal,public/default,GetParameters(var Parameters: JsonArray): Boolean,
Storage File Move Impl ori,app/src/MessageTypes/Files/StorageFileMoveImpl.Codeunit.al,72,Internal,public/default,GetResponse(var Response: JsonObject): Boolean,
Storage File Move Impl ori,app/src/MessageTypes/Files/StorageFileMoveImpl.Codeunit.al,80,Internal,public/default,GetErrors(var Errors: JsonArray): Boolean,
Storage File Move Impl ori,app/src/MessageTypes/Files/StorageFileMoveImpl.Codeunit.al,88,Internal,public/default,GetEffect(var Effect: JsonObject): Boolean,
Storage File Move Impl ori,app/src/MessageTypes/Files/StorageFileMoveImpl.Codeunit.al,96,Internal,public/default,GetMetering(var Metering: JsonObject): Boolean,
Storage File Move Impl ori,app/src/MessageTypes/Files/StorageFileMoveImpl.Codeunit.al,101,Internal,public/default,GetRelated(var Related: JsonArray): Boolean,
Storage File Move Impl ori,app/src/MessageTypes/Files/StorageFileMoveImpl.Codeunit.al,109,Internal,public/default,GetWorkflow(var Workflow: JsonObject): Boolean,
Storage File Move Impl ori,app/src/MessageTypes/Files/StorageFileMoveImpl.Codeunit.al,114,Internal,public/default,GetExamples(var Examples: JsonArray): Boolean,
Storage File Move Impl ori,app/src/MessageTypes/Files/StorageFileMoveImpl.Codeunit.al,119,Internal,public/default,GetOverview(var Overview: Text): Boolean,
Storage File Move Impl ori,app/src/MessageTypes/Files/StorageFileMoveImpl.Codeunit.al,125,Internal,public/default,GetNotes(var Notes: Text): Boolean,
Storage File Move Impl ori,app/src/MessageTypes/Files/StorageFileMoveImpl.Codeunit.al,131,Internal,public/default,"GetMessageDirection(): Enum ""Msg Direction ori""",
Storage File Move Impl ori,app/src/MessageTypes/Files/StorageFileMoveImpl.Codeunit.al,136,Internal,public/default,"ExecuteBifrostTask(var Argument: Record ""Message Argument ori"")",
Storage Help Get Impl ori,app/src/MessageTypes/Help/StorageHelpGetImpl.Codeunit.al,14,Internal,public/default,IsEnabled(): Boolean,
Storage Help Get Impl ori,app/src/MessageTypes/Help/StorageHelpGetImpl.Codeunit.al,19,Internal,public/default,GetFilterTableNo(): Integer,
Storage Help Get Impl ori,app/src/MessageTypes/Help/StorageHelpGetImpl.Codeunit.al,24,Internal,public/default,GetDescription(): Text[250],Text[250]
Storage Help Get Impl ori,app/src/MessageTypes/Help/StorageHelpGetImpl.Codeunit.al,29,Internal,public/default,GetKeywords(): Text,
Storage Help Get Impl ori,app/src/MessageTypes/Help/StorageHelpGetImpl.Codeunit.al,36,Internal,public/default,GetSelectionDescription(): Text,
Storage Help Get Impl ori,app/src/MessageTypes/Help/StorageHelpGetImpl.Codeunit.al,43,Internal,public/default,GetEnvelope(var Envelope: JsonObject): Boolean,
Storage Help Get Impl ori,app/src/MessageTypes/Help/StorageHelpGetImpl.Codeunit.al,51,Internal,public/default,GetTarget(var Target: JsonArray): Boolean,
Storage Help Get Impl ori,app/src/MessageTypes/Help/StorageHelpGetImpl.Codeunit.al,56,Internal,public/default,GetParameters(var Parameters: JsonArray): Boolean,
Storage Help Get Impl ori,app/src/MessageTypes/Help/StorageHelpGetImpl.Codeunit.al,61,Internal,public/default,GetResponse(var Response: JsonObject): Boolean,
Storage Help Get Impl ori,app/src/MessageTypes/Help/StorageHelpGetImpl.Codeunit.al,69,Internal,public/default,GetErrors(var Errors: JsonArray): Boolean,
Storage Help Get Impl ori,app/src/MessageTypes/Help/StorageHelpGetImpl.Codeunit.al,77,Internal,public/default,GetEffect(var Effect: JsonObject): Boolean,
Storage Help Get Impl ori,app/src/MessageTypes/Help/StorageHelpGetImpl.Codeunit.al,85,Internal,public/default,GetMetering(var Metering: JsonObject): Boolean,
Storage Help Get Impl ori,app/src/MessageTypes/Help/StorageHelpGetImpl.Codeunit.al,90,Internal,public/default,GetRelated(var Related: JsonArray): Boolean,
Storage Help Get Impl ori,app/src/MessageTypes/Help/StorageHelpGetImpl.Codeunit.al,98,Internal,public/default,GetWorkflow(var Workflow: JsonObject): Boolean,
Storage Help Get Impl ori,app/src/MessageTypes/Help/StorageHelpGetImpl.Codeunit.al,103,Internal,public/default,GetExamples(var Examples: JsonArray): Boolean,
Storage Help Get Impl ori,app/src/MessageTypes/Help/StorageHelpGetImpl.Codeunit.al,108,Internal,public/default,GetOverview(var Overview: Text): Boolean,
Storage Help Get Impl ori,app/src/MessageTypes/Help/StorageHelpGetImpl.Codeunit.al,114,Internal,public/default,GetNotes(var Notes: Text): Boolean,
Storage Help Get Impl ori,app/src/MessageTypes/Help/StorageHelpGetImpl.Codeunit.al,120,Internal,public/default,"GetMessageDirection(): Enum ""Msg Direction ori""",
Storage Help Get Impl ori,app/src/MessageTypes/Help/StorageHelpGetImpl.Codeunit.al,125,Internal,public/default,"ExecuteBifrostTask(var Argument: Record ""Message Argument ori"")",
Storage Contract Parts ori,app/src/MessageTypes/StorageContractParts.Codeunit.al,11,Internal,public/default,GetEnvelope(DataRequired: Boolean) Envelope: JsonObject,
Storage Contract Parts ori,app/src/MessageTypes/StorageContractParts.Codeunit.al,26,Internal,public/default,GetParameters(MessageType: Text) Parameters: JsonArray,
Storage Contract Parts ori,app/src/MessageTypes/StorageContractParts.Codeunit.al,131,Internal,public/default,GetAttachmentTarget() Target: JsonArray,
Storage Contract Parts ori,app/src/MessageTypes/StorageContractParts.Codeunit.al,139,Internal,public/default,GetResponse(MessageType: Text) Response: JsonObject,
Storage Contract Parts ori,app/src/MessageTypes/StorageContractParts.Codeunit.al,251,Internal,public/default,GetErrors(MessageType: Text) Errors: JsonArray,
Storage Contract Parts ori,app/src/MessageTypes/StorageContractParts.Codeunit.al,269,Internal,public/default,GetEffect(MessageType: Text) Effect: JsonObject,
Storage Contract Parts ori,app/src/MessageTypes/StorageContractParts.Codeunit.al,313,Internal,public/default,GetRelated(MessageType: Text) Related: JsonArray,
Storage Upload Abort Impl ori,app/src/MessageTypes/Upload/StorageUploadAbortImpl.Codeunit.al,13,Internal,public/default,IsEnabled(): Boolean,
Storage Upload Abort Impl ori,app/src/MessageTypes/Upload/StorageUploadAbortImpl.Codeunit.al,20,Internal,public/default,GetFilterTableNo(): Integer,
Storage Upload Abort Impl ori,app/src/MessageTypes/Upload/StorageUploadAbortImpl.Codeunit.al,25,Internal,public/default,GetDescription(): Text[250],Text[250]
Storage Upload Abort Impl ori,app/src/MessageTypes/Upload/StorageUploadAbortImpl.Codeunit.al,35,Internal,public/default,GetKeywords(): Text,
Storage Upload Abort Impl ori,app/src/MessageTypes/Upload/StorageUploadAbortImpl.Codeunit.al,44,Internal,public/default,GetSelectionDescription(): Text,
Storage Upload Abort Impl ori,app/src/MessageTypes/Upload/StorageUploadAbortImpl.Codeunit.al,51,Internal,public/default,GetEnvelope(var Envelope: JsonObject): Boolean,
Storage Upload Abort Impl ori,app/src/MessageTypes/Upload/StorageUploadAbortImpl.Codeunit.al,59,Internal,public/default,GetTarget(var Target: JsonArray): Boolean,
Storage Upload Abort Impl ori,app/src/MessageTypes/Upload/StorageUploadAbortImpl.Codeunit.al,64,Internal,public/default,GetParameters(var Parameters: JsonArray): Boolean,
Storage Upload Abort Impl ori,app/src/MessageTypes/Upload/StorageUploadAbortImpl.Codeunit.al,72,Internal,public/default,GetResponse(var Response: JsonObject): Boolean,
Storage Upload Abort Impl ori,app/src/MessageTypes/Upload/StorageUploadAbortImpl.Codeunit.al,80,Internal,public/default,GetErrors(var Errors: JsonArray): Boolean,
Storage Upload Abort Impl ori,app/src/MessageTypes/Upload/StorageUploadAbortImpl.Codeunit.al,88,Internal,public/default,GetEffect(var Effect: JsonObject): Boolean,
Storage Upload Abort Impl ori,app/src/MessageTypes/Upload/StorageUploadAbortImpl.Codeunit.al,96,Internal,public/default,GetMetering(var Metering: JsonObject): Boolean,
Storage Upload Abort Impl ori,app/src/MessageTypes/Upload/StorageUploadAbortImpl.Codeunit.al,101,Internal,public/default,GetRelated(var Related: JsonArray): Boolean,
Storage Upload Abort Impl ori,app/src/MessageTypes/Upload/StorageUploadAbortImpl.Codeunit.al,109,Internal,public/default,GetWorkflow(var Workflow: JsonObject): Boolean,
Storage Upload Abort Impl ori,app/src/MessageTypes/Upload/StorageUploadAbortImpl.Codeunit.al,114,Internal,public/default,GetExamples(var Examples: JsonArray): Boolean,
Storage Upload Abort Impl ori,app/src/MessageTypes/Upload/StorageUploadAbortImpl.Codeunit.al,119,Internal,public/default,GetOverview(var Overview: Text): Boolean,
Storage Upload Abort Impl ori,app/src/MessageTypes/Upload/StorageUploadAbortImpl.Codeunit.al,125,Internal,public/default,GetNotes(var Notes: Text): Boolean,
Storage Upload Abort Impl ori,app/src/MessageTypes/Upload/StorageUploadAbortImpl.Codeunit.al,131,Internal,public/default,"GetMessageDirection(): Enum ""Msg Direction ori""",
Storage Upload Abort Impl ori,app/src/MessageTypes/Upload/StorageUploadAbortImpl.Codeunit.al,136,Internal,public/default,"ExecuteBifrostTask(var Argument: Record ""Message Argument ori"")",
Storage Upload Append Impl ori,app/src/MessageTypes/Upload/StorageUploadAppendImpl.Codeunit.al,14,Internal,public/default,IsEnabled(): Boolean,
Storage Upload Append Impl ori,app/src/MessageTypes/Upload/StorageUploadAppendImpl.Codeunit.al,21,Internal,public/default,GetFilterTableNo(): Integer,
Storage Upload Append Impl ori,app/src/MessageTypes/Upload/StorageUploadAppendImpl.Codeunit.al,26,Internal,public/default,GetDescription(): Text[250],Text[250]
Storage Upload Append Impl ori,app/src/MessageTypes/Upload/StorageUploadAppendImpl.Codeunit.al,36,Internal,public/default,GetKeywords(): Text,
Storage Upload Append Impl ori,app/src/MessageTypes/Upload/StorageUploadAppendImpl.Codeunit.al,45,Internal,public/default,GetSelectionDescription(): Text,
Storage Upload Append Impl ori,app/src/MessageTypes/Upload/StorageUploadAppendImpl.Codeunit.al,52,Internal,public/default,GetEnvelope(var Envelope: JsonObject): Boolean,
Storage Upload Append Impl ori,app/src/MessageTypes/Upload/StorageUploadAppendImpl.Codeunit.al,60,Internal,public/default,GetTarget(var Target: JsonArray): Boolean,
Storage Upload Append Impl ori,app/src/MessageTypes/Upload/StorageUploadAppendImpl.Codeunit.al,65,Internal,public/default,GetParameters(var Parameters: JsonArray): Boolean,
Storage Upload Append Impl ori,app/src/MessageTypes/Upload/StorageUploadAppendImpl.Codeunit.al,73,Internal,public/default,GetResponse(var Response: JsonObject): Boolean,
Storage Upload Append Impl ori,app/src/MessageTypes/Upload/StorageUploadAppendImpl.Codeunit.al,81,Internal,public/default,GetErrors(var Errors: JsonArray): Boolean,
Storage Upload Append Impl ori,app/src/MessageTypes/Upload/StorageUploadAppendImpl.Codeunit.al,89,Internal,public/default,GetEffect(var Effect: JsonObject): Boolean,
Storage Upload Append Impl ori,app/src/MessageTypes/Upload/StorageUploadAppendImpl.Codeunit.al,97,Internal,public/default,GetMetering(var Metering: JsonObject): Boolean,
Storage Upload Append Impl ori,app/src/MessageTypes/Upload/StorageUploadAppendImpl.Codeunit.al,102,Internal,public/default,GetRelated(var Related: JsonArray): Boolean,
Storage Upload Append Impl ori,app/src/MessageTypes/Upload/StorageUploadAppendImpl.Codeunit.al,110,Internal,public/default,GetWorkflow(var Workflow: JsonObject): Boolean,
Storage Upload Append Impl ori,app/src/MessageTypes/Upload/StorageUploadAppendImpl.Codeunit.al,115,Internal,public/default,GetExamples(var Examples: JsonArray): Boolean,
Storage Upload Append Impl ori,app/src/MessageTypes/Upload/StorageUploadAppendImpl.Codeunit.al,120,Internal,public/default,GetOverview(var Overview: Text): Boolean,
Storage Upload Append Impl ori,app/src/MessageTypes/Upload/StorageUploadAppendImpl.Codeunit.al,126,Internal,public/default,GetNotes(var Notes: Text): Boolean,
Storage Upload Append Impl ori,app/src/MessageTypes/Upload/StorageUploadAppendImpl.Codeunit.al,132,Internal,public/default,"GetMessageDirection(): Enum ""Msg Direction ori""",
Storage Upload Append Impl ori,app/src/MessageTypes/Upload/StorageUploadAppendImpl.Codeunit.al,137,Internal,public/default,"ExecuteBifrostTask(var Argument: Record ""Message Argument ori"")",
Storage Upload Begin Impl ori,app/src/MessageTypes/Upload/StorageUploadBeginImpl.Codeunit.al,13,Internal,public/default,IsEnabled(): Boolean,
Storage Upload Begin Impl ori,app/src/MessageTypes/Upload/StorageUploadBeginImpl.Codeunit.al,20,Internal,public/default,GetFilterTableNo(): Integer,
Storage Upload Begin Impl ori,app/src/MessageTypes/Upload/StorageUploadBeginImpl.Codeunit.al,25,Internal,public/default,GetDescription(): Text[250],Text[250]
Storage Upload Begin Impl ori,app/src/MessageTypes/Upload/StorageUploadBeginImpl.Codeunit.al,35,Internal,public/default,GetKeywords(): Text,
Storage Upload Begin Impl ori,app/src/MessageTypes/Upload/StorageUploadBeginImpl.Codeunit.al,44,Internal,public/default,GetSelectionDescription(): Text,
Storage Upload Begin Impl ori,app/src/MessageTypes/Upload/StorageUploadBeginImpl.Codeunit.al,51,Internal,public/default,GetEnvelope(var Envelope: JsonObject): Boolean,
Storage Upload Begin Impl ori,app/src/MessageTypes/Upload/StorageUploadBeginImpl.Codeunit.al,59,Internal,public/default,GetTarget(var Target: JsonArray): Boolean,
Storage Upload Begin Impl ori,app/src/MessageTypes/Upload/StorageUploadBeginImpl.Codeunit.al,64,Internal,public/default,GetParameters(var Parameters: JsonArray): Boolean,
Storage Upload Begin Impl ori,app/src/MessageTypes/Upload/StorageUploadBeginImpl.Codeunit.al,72,Internal,public/default,GetResponse(var Response: JsonObject): Boolean,
Storage Upload Begin Impl ori,app/src/MessageTypes/Upload/StorageUploadBeginImpl.Codeunit.al,80,Internal,public/default,GetErrors(var Errors: JsonArray): Boolean,
Storage Upload Begin Impl ori,app/src/MessageTypes/Upload/StorageUploadBeginImpl.Codeunit.al,88,Internal,public/default,GetEffect(var Effect: JsonObject): Boolean,
Storage Upload Begin Impl ori,app/src/MessageTypes/Upload/StorageUploadBeginImpl.Codeunit.al,96,Internal,public/default,GetMetering(var Metering: JsonObject): Boolean,
Storage Upload Begin Impl ori,app/src/MessageTypes/Upload/StorageUploadBeginImpl.Codeunit.al,101,Internal,public/default,GetRelated(var Related: JsonArray): Boolean,
Storage Upload Begin Impl ori,app/src/MessageTypes/Upload/StorageUploadBeginImpl.Codeunit.al,109,Internal,public/default,GetWorkflow(var Workflow: JsonObject): Boolean,
Storage Upload Begin Impl ori,app/src/MessageTypes/Upload/StorageUploadBeginImpl.Codeunit.al,114,Internal,public/default,GetExamples(var Examples: JsonArray): Boolean,
Storage Upload Begin Impl ori,app/src/MessageTypes/Upload/StorageUploadBeginImpl.Codeunit.al,119,Internal,public/default,GetOverview(var Overview: Text): Boolean,
Storage Upload Begin Impl ori,app/src/MessageTypes/Upload/StorageUploadBeginImpl.Codeunit.al,125,Internal,public/default,GetNotes(var Notes: Text): Boolean,
Storage Upload Begin Impl ori,app/src/MessageTypes/Upload/StorageUploadBeginImpl.Codeunit.al,131,Internal,public/default,"GetMessageDirection(): Enum ""Msg Direction ori""",
Storage Upload Begin Impl ori,app/src/MessageTypes/Upload/StorageUploadBeginImpl.Codeunit.al,136,Internal,public/default,"ExecuteBifrostTask(var Argument: Record ""Message Argument ori"")",
Storage Upload Commit Impl ori,app/src/MessageTypes/Upload/StorageUploadCommitImpl.Codeunit.al,14,Internal,public/default,IsEnabled(): Boolean,
Storage Upload Commit Impl ori,app/src/MessageTypes/Upload/StorageUploadCommitImpl.Codeunit.al,21,Internal,public/default,GetFilterTableNo(): Integer,
Storage Upload Commit Impl ori,app/src/MessageTypes/Upload/StorageUploadCommitImpl.Codeunit.al,26,Internal,public/default,GetDescription(): Text[250],Text[250]
Storage Upload Commit Impl ori,app/src/MessageTypes/Upload/StorageUploadCommitImpl.Codeunit.al,36,Internal,public/default,GetKeywords(): Text,
Storage Upload Commit Impl ori,app/src/MessageTypes/Upload/StorageUploadCommitImpl.Codeunit.al,45,Internal,public/default,GetSelectionDescription(): Text,
Storage Upload Commit Impl ori,app/src/MessageTypes/Upload/StorageUploadCommitImpl.Codeunit.al,52,Internal,public/default,GetEnvelope(var Envelope: JsonObject): Boolean,
Storage Upload Commit Impl ori,app/src/MessageTypes/Upload/StorageUploadCommitImpl.Codeunit.al,60,Internal,public/default,GetTarget(var Target: JsonArray): Boolean,
Storage Upload Commit Impl ori,app/src/MessageTypes/Upload/StorageUploadCommitImpl.Codeunit.al,65,Internal,public/default,GetParameters(var Parameters: JsonArray): Boolean,
Storage Upload Commit Impl ori,app/src/MessageTypes/Upload/StorageUploadCommitImpl.Codeunit.al,73,Internal,public/default,GetResponse(var Response: JsonObject): Boolean,
Storage Upload Commit Impl ori,app/src/MessageTypes/Upload/StorageUploadCommitImpl.Codeunit.al,81,Internal,public/default,GetErrors(var Errors: JsonArray): Boolean,
Storage Upload Commit Impl ori,app/src/MessageTypes/Upload/StorageUploadCommitImpl.Codeunit.al,89,Internal,public/default,GetEffect(var Effect: JsonObject): Boolean,
Storage Upload Commit Impl ori,app/src/MessageTypes/Upload/StorageUploadCommitImpl.Codeunit.al,97,Internal,public/default,GetMetering(var Metering: JsonObject): Boolean,
Storage Upload Commit Impl ori,app/src/MessageTypes/Upload/StorageUploadCommitImpl.Codeunit.al,102,Internal,public/default,GetRelated(var Related: JsonArray): Boolean,
Storage Upload Commit Impl ori,app/src/MessageTypes/Upload/StorageUploadCommitImpl.Codeunit.al,110,Internal,public/default,GetWorkflow(var Workflow: JsonObject): Boolean,
Storage Upload Commit Impl ori,app/src/MessageTypes/Upload/StorageUploadCommitImpl.Codeunit.al,115,Internal,public/default,GetExamples(var Examples: JsonArray): Boolean,
Storage Upload Commit Impl ori,app/src/MessageTypes/Upload/StorageUploadCommitImpl.Codeunit.al,120,Internal,public/default,GetOverview(var Overview: Text): Boolean,
Storage Upload Commit Impl ori,app/src/MessageTypes/Upload/StorageUploadCommitImpl.Codeunit.al,126,Internal,public/default,GetNotes(var Notes: Text): Boolean,
Storage Upload Commit Impl ori,app/src/MessageTypes/Upload/StorageUploadCommitImpl.Codeunit.al,132,Internal,public/default,"GetMessageDirection(): Enum ""Msg Direction ori""",
Storage Upload Commit Impl ori,app/src/MessageTypes/Upload/StorageUploadCommitImpl.Codeunit.al,137,Internal,public/default,"ExecuteBifrostTask(var Argument: Record ""Message Argument ori"")",
Storage Upload Commit Rec ori,app/src/MessageTypes/Upload/StorageUploadCommitRec.Codeunit.al,15,Internal,public/default,IsEnabled(): Boolean,
Storage Upload Commit Rec ori,app/src/MessageTypes/Upload/StorageUploadCommitRec.Codeunit.al,22,Internal,public/default,GetFilterTableNo(): Integer,
Storage Upload Commit Rec ori,app/src/MessageTypes/Upload/StorageUploadCommitRec.Codeunit.al,27,Internal,public/default,GetDescription(): Text[250],Text[250]
Storage Upload Commit Rec ori,app/src/MessageTypes/Upload/StorageUploadCommitRec.Codeunit.al,37,Internal,public/default,GetKeywords(): Text,
Storage Upload Commit Rec ori,app/src/MessageTypes/Upload/StorageUploadCommitRec.Codeunit.al,46,Internal,public/default,GetSelectionDescription(): Text,
Storage Upload Commit Rec ori,app/src/MessageTypes/Upload/StorageUploadCommitRec.Codeunit.al,53,Internal,public/default,GetEnvelope(var Envelope: JsonObject): Boolean,
Storage Upload Commit Rec ori,app/src/MessageTypes/Upload/StorageUploadCommitRec.Codeunit.al,61,Internal,public/default,GetTarget(var Target: JsonArray): Boolean,
Storage Upload Commit Rec ori,app/src/MessageTypes/Upload/StorageUploadCommitRec.Codeunit.al,66,Internal,public/default,GetParameters(var Parameters: JsonArray): Boolean,
Storage Upload Commit Rec ori,app/src/MessageTypes/Upload/StorageUploadCommitRec.Codeunit.al,74,Internal,public/default,GetResponse(var Response: JsonObject): Boolean,
Storage Upload Commit Rec ori,app/src/MessageTypes/Upload/StorageUploadCommitRec.Codeunit.al,82,Internal,public/default,GetErrors(var Errors: JsonArray): Boolean,
Storage Upload Commit Rec ori,app/src/MessageTypes/Upload/StorageUploadCommitRec.Codeunit.al,90,Internal,public/default,GetEffect(var Effect: JsonObject): Boolean,
Storage Upload Commit Rec ori,app/src/MessageTypes/Upload/StorageUploadCommitRec.Codeunit.al,98,Internal,public/default,GetMetering(var Metering: JsonObject): Boolean,
Storage Upload Commit Rec ori,app/src/MessageTypes/Upload/StorageUploadCommitRec.Codeunit.al,103,Internal,public/default,GetRelated(var Related: JsonArray): Boolean,
Storage Upload Commit Rec ori,app/src/MessageTypes/Upload/StorageUploadCommitRec.Codeunit.al,111,Internal,public/default,GetWorkflow(var Workflow: JsonObject): Boolean,
Storage Upload Commit Rec ori,app/src/MessageTypes/Upload/StorageUploadCommitRec.Codeunit.al,116,Internal,public/default,GetExamples(var Examples: JsonArray): Boolean,
Storage Upload Commit Rec ori,app/src/MessageTypes/Upload/StorageUploadCommitRec.Codeunit.al,121,Internal,public/default,GetOverview(var Overview: Text): Boolean,
Storage Upload Commit Rec ori,app/src/MessageTypes/Upload/StorageUploadCommitRec.Codeunit.al,127,Internal,public/default,GetNotes(var Notes: Text): Boolean,
Storage Upload Commit Rec ori,app/src/MessageTypes/Upload/StorageUploadCommitRec.Codeunit.al,133,Internal,public/default,"GetMessageDirection(): Enum ""Msg Direction ori""",
Storage Upload Commit Rec ori,app/src/MessageTypes/Upload/StorageUploadCommitRec.Codeunit.al,138,Internal,public/default,"ExecuteBifrostTask(var Argument: Record ""Message Argument ori"")",
Storage Upload Status Impl ori,app/src/MessageTypes/Upload/StorageUploadStatusImpl.Codeunit.al,14,Internal,public/default,IsEnabled(): Boolean,
Storage Upload Status Impl ori,app/src/MessageTypes/Upload/StorageUploadStatusImpl.Codeunit.al,21,Internal,public/default,GetFilterTableNo(): Integer,
Storage Upload Status Impl ori,app/src/MessageTypes/Upload/StorageUploadStatusImpl.Codeunit.al,26,Internal,public/default,GetDescription(): Text[250],Text[250]
Storage Upload Status Impl ori,app/src/MessageTypes/Upload/StorageUploadStatusImpl.Codeunit.al,36,Internal,public/default,GetKeywords(): Text,
Storage Upload Status Impl ori,app/src/MessageTypes/Upload/StorageUploadStatusImpl.Codeunit.al,45,Internal,public/default,GetSelectionDescription(): Text,
Storage Upload Status Impl ori,app/src/MessageTypes/Upload/StorageUploadStatusImpl.Codeunit.al,52,Internal,public/default,GetEnvelope(var Envelope: JsonObject): Boolean,
Storage Upload Status Impl ori,app/src/MessageTypes/Upload/StorageUploadStatusImpl.Codeunit.al,60,Internal,public/default,GetTarget(var Target: JsonArray): Boolean,
Storage Upload Status Impl ori,app/src/MessageTypes/Upload/StorageUploadStatusImpl.Codeunit.al,65,Internal,public/default,GetParameters(var Parameters: JsonArray): Boolean,
Storage Upload Status Impl ori,app/src/MessageTypes/Upload/StorageUploadStatusImpl.Codeunit.al,73,Internal,public/default,GetResponse(var Response: JsonObject): Boolean,
Storage Upload Status Impl ori,app/src/MessageTypes/Upload/StorageUploadStatusImpl.Codeunit.al,81,Internal,public/default,GetErrors(var Errors: JsonArray): Boolean,
Storage Upload Status Impl ori,app/src/MessageTypes/Upload/StorageUploadStatusImpl.Codeunit.al,89,Internal,public/default,GetEffect(var Effect: JsonObject): Boolean,
Storage Upload Status Impl ori,app/src/MessageTypes/Upload/StorageUploadStatusImpl.Codeunit.al,97,Internal,public/default,GetMetering(var Metering: JsonObject): Boolean,
Storage Upload Status Impl ori,app/src/MessageTypes/Upload/StorageUploadStatusImpl.Codeunit.al,102,Internal,public/default,GetRelated(var Related: JsonArray): Boolean,
Storage Upload Status Impl ori,app/src/MessageTypes/Upload/StorageUploadStatusImpl.Codeunit.al,110,Internal,public/default,GetWorkflow(var Workflow: JsonObject): Boolean,
Storage Upload Status Impl ori,app/src/MessageTypes/Upload/StorageUploadStatusImpl.Codeunit.al,115,Internal,public/default,GetExamples(var Examples: JsonArray): Boolean,
Storage Upload Status Impl ori,app/src/MessageTypes/Upload/StorageUploadStatusImpl.Codeunit.al,120,Internal,public/default,GetOverview(var Overview: Text): Boolean,
Storage Upload Status Impl ori,app/src/MessageTypes/Upload/StorageUploadStatusImpl.Codeunit.al,126,Internal,public/default,GetNotes(var Notes: Text): Boolean,
Storage Upload Status Impl ori,app/src/MessageTypes/Upload/StorageUploadStatusImpl.Codeunit.al,132,Internal,public/default,"GetMessageDirection(): Enum ""Msg Direction ori""",
Storage Upload Status Impl ori,app/src/MessageTypes/Upload/StorageUploadStatusImpl.Codeunit.al,137,Internal,public/default,"ExecuteBifrostTask(var Argument: Record ""Message Argument ori"")",
Storage Account Lookup ori,app/src/Setup/StorageAccountLookup.Page.al,60,Public,public/default,"SetConnector(Connector: Enum ""Ext. File Storage Connector"")",
Storage Account Lookup ori,app/src/Setup/StorageAccountLookup.Page.al,67,Public,public/default,"GetSelectedAccount(var TempFileAccount: Record ""File Account"" temporary)",
Storage Setup ori,app/src/Setup/StorageSetup.Table.al,88,Public,public/default,ClearFileAccount(),
Storage Setup ori,app/src/Setup/StorageSetup.Table.al,96,Public,public/default,HasFileAccount(): Boolean,
Storage Setup ori,app/src/Setup/StorageSetup.Table.al,102,Public,public/default,TestConnection(),
Storage Connector ori,app/src/Storage/StorageConnector.Interface.al,22,Public,public/default,"TestConnection(StorageSetup: Record ""Storage Setup ori"")",
Storage Connector ori,app/src/Storage/StorageConnector.Interface.al,29,Public,public/default,"ListEntries(StorageSetup: Record ""Storage Setup ori""; Path: Text; EntryType: Enum ""Ext. File Storage File Type""; var TempFileAccountContent: Record ""File Account Content"" temporary)",
Storage Connector ori,app/src/Storage/StorageConnector.Interface.al,35,Public,public/default,"GetFile(StorageSetup: Record ""Storage Setup ori""; Path: Text; var TempBlob: Codeunit ""Temp Blob"")",
Storage Connector ori,app/src/Storage/StorageConnector.Interface.al,41,Public,public/default,"CreateFile(StorageSetup: Record ""Storage Setup ori""; Path: Text; var TempBlob: Codeunit ""Temp Blob"")",
Storage Connector ori,app/src/Storage/StorageConnector.Interface.al,46,Public,public/default,"DeleteFile(StorageSetup: Record ""Storage Setup ori""; Path: Text)",
Storage Connector ori,app/src/Storage/StorageConnector.Interface.al,52,Public,public/default,"FileExists(StorageSetup: Record ""Storage Setup ori""; Path: Text): Boolean",
Storage Connector ori,app/src/Storage/StorageConnector.Interface.al,58,Public,public/default,"CopyFile(StorageSetup: Record ""Storage Setup ori""; SourcePath: Text; TargetPath: Text)",
Storage Connector ori,app/src/Storage/StorageConnector.Interface.al,64,Public,public/default,"MoveFile(StorageSetup: Record ""Storage Setup ori""; SourcePath: Text; TargetPath: Text)",
Storage Connector ori,app/src/Storage/StorageConnector.Interface.al,69,Public,public/default,"CreateDirectory(StorageSetup: Record ""Storage Setup ori""; Path: Text)",
Storage Connector ori,app/src/Storage/StorageConnector.Interface.al,74,Public,public/default,"DeleteDirectory(StorageSetup: Record ""Storage Setup ori""; Path: Text)",
Storage Connector ori,app/src/Storage/StorageConnector.Interface.al,80,Public,public/default,"DirectoryExists(StorageSetup: Record ""Storage Setup ori""; Path: Text): Boolean",
Storage Ext File Impl ori,app/src/Storage/StorageExtFileImpl.Codeunit.al,21,Internal,public/default,"TestConnection(StorageSetup: Record ""Storage Setup ori"")",
Storage Ext File Impl ori,app/src/Storage/StorageExtFileImpl.Codeunit.al,32,Internal,public/default,"ListEntries(StorageSetup: Record ""Storage Setup ori""; Path: Text; EntryType: Enum ""Ext. File Storage File Type""; var TempFileAccountContent: Record ""File Account Content"" temporary)",
Storage Ext File Impl ori,app/src/Storage/StorageExtFileImpl.Codeunit.al,61,Internal,public/default,"GetFile(StorageSetup: Record ""Storage Setup ori""; Path: Text; var TempBlob: Codeunit ""Temp Blob"")",
Storage Ext File Impl ori,app/src/Storage/StorageExtFileImpl.Codeunit.al,74,Internal,public/default,"CreateFile(StorageSetup: Record ""Storage Setup ori""; Path: Text; var TempBlob: Codeunit ""Temp Blob"")",
Storage Ext File Impl ori,app/src/Storage/StorageExtFileImpl.Codeunit.al,85,Internal,public/default,"DeleteFile(StorageSetup: Record ""Storage Setup ori""; Path: Text)",
Storage Ext File Impl ori,app/src/Storage/StorageExtFileImpl.Codeunit.al,94,Internal,public/default,"FileExists(StorageSetup: Record ""Storage Setup ori""; Path: Text): Boolean",
Storage Ext File Impl ori,app/src/Storage/StorageExtFileImpl.Codeunit.al,102,Internal,public/default,"CopyFile(StorageSetup: Record ""Storage Setup ori""; SourcePath: Text; TargetPath: Text)",
Storage Ext File Impl ori,app/src/Storage/StorageExtFileImpl.Codeunit.al,111,Internal,public/default,"MoveFile(StorageSetup: Record ""Storage Setup ori""; SourcePath: Text; TargetPath: Text)",
Storage Ext File Impl ori,app/src/Storage/StorageExtFileImpl.Codeunit.al,120,Internal,public/default,"CreateDirectory(StorageSetup: Record ""Storage Setup ori""; Path: Text)",
Storage Ext File Impl ori,app/src/Storage/StorageExtFileImpl.Codeunit.al,129,Internal,public/default,"DeleteDirectory(StorageSetup: Record ""Storage Setup ori""; Path: Text)",
Storage Ext File Impl ori,app/src/Storage/StorageExtFileImpl.Codeunit.al,138,Internal,public/default,"DirectoryExists(StorageSetup: Record ""Storage Setup ori""; Path: Text): Boolean",
Storage Request Mgt ori,app/src/Storage/StorageRequestMgt.Codeunit.al,37,Internal,public/default,PathIsSafe(Path: Text): Boolean,
Storage Request Mgt ori,app/src/Storage/StorageRequestMgt.Codeunit.al,51,Internal,public/default,ThrowUnsafePath(Path: Text),
Storage Request Mgt ori,app/src/Storage/StorageRequestMgt.Codeunit.al,65,Internal,public/default,"ReadSetup(var Argument: Record ""Message Argument ori""; RequestJson: JsonObject; var StorageSetup: Record ""Storage Setup ori""; var Connector: Interface ""Storage Connector ori""): Boolean",
Storage Request Mgt ori,app/src/Storage/StorageRequestMgt.Codeunit.al,86,Internal,public/default,"ResolveSetup(var Argument: Record ""Message Argument ori""; StorageCode: Text; ParameterName: Text; var StorageSetup: Record ""Storage Setup ori""; var Connector: Interface ""Storage Connector ori""): Boolean",
Storage Request Mgt ori,app/src/Storage/StorageRequestMgt.Codeunit.al,104,Internal,public/default,GetText(RequestJson: JsonObject; PropertyName: Text): Text,
Storage Request Mgt ori,app/src/Storage/StorageRequestMgt.Codeunit.al,123,Internal,public/default,"ExecuteList(var Argument: Record ""Message Argument ori""; StorageSetup: Record ""Storage Setup ori""; Connector: Interface ""Storage Connector ori""; Path: Text; EntryType: Enum ""Ext. File Storage File Type"")",
Storage Request Mgt ori,app/src/Storage/StorageRequestMgt.Codeunit.al,147,Internal,public/default,"ExecuteGetFile(var Argument: Record ""Message Argument ori""; StorageSetup: Record ""Storage Setup ori""; Connector: Interface ""Storage Connector ori""; Path: Text)",
Storage Request Mgt ori,app/src/Storage/StorageRequestMgt.Codeunit.al,171,Internal,public/default,"ExecuteCreateFile(var Argument: Record ""Message Argument ori""; StorageSetup: Record ""Storage Setup ori""; Connector: Interface ""Storage Connector ori""; Path: Text; var TempBlob: Codeunit ""Temp Blob"")",
Storage Request Mgt ori,app/src/Storage/StorageRequestMgt.Codeunit.al,189,Internal,public/default,"ExecuteDeleteFile(var Argument: Record ""Message Argument ori""; StorageSetup: Record ""Storage Setup ori""; Connector: Interface ""Storage Connector ori""; Path: Text)",
Storage Request Mgt ori,app/src/Storage/StorageRequestMgt.Codeunit.al,208,Internal,public/default,"ExecuteCreateDirectory(var Argument: Record ""Message Argument ori""; StorageSetup: Record ""Storage Setup ori""; Connector: Interface ""Storage Connector ori""; Path: Text)",
Storage Request Mgt ori,app/src/Storage/StorageRequestMgt.Codeunit.al,221,Internal,public/default,"ExecuteDeleteDirectory(var Argument: Record ""Message Argument ori""; StorageSetup: Record ""Storage Setup ori""; Connector: Interface ""Storage Connector ori""; Path: Text)",
Storage Request Mgt ori,app/src/Storage/StorageRequestMgt.Codeunit.al,241,Internal,public/default,"ExecuteCopyFile(var Argument: Record ""Message Argument ori""; StorageSetup: Record ""Storage Setup ori""; Connector: Interface ""Storage Connector ori""; SourcePath: Text; TargetPath: Text)",
Storage Request Mgt ori,app/src/Storage/StorageRequestMgt.Codeunit.al,255,Internal,public/default,"ExecuteMoveFile(var Argument: Record ""Message Argument ori""; StorageSetup: Record ""Storage Setup ori""; Connector: Interface ""Storage Connector ori""; SourcePath: Text; TargetPath: Text)",
Storage Request Mgt ori,app/src/Storage/StorageRequestMgt.Codeunit.al,277,Internal,public/default,"ExecuteFileExists(var Argument: Record ""Message Argument ori""; StorageSetup: Record ""Storage Setup ori""; Connector: Interface ""Storage Connector ori""; Path: Text)",
Storage Request Mgt ori,app/src/Storage/StorageRequestMgt.Codeunit.al,287,Internal,public/default,"ExecuteDirectoryExists(var Argument: Record ""Message Argument ori""; StorageSetup: Record ""Storage Setup ori""; Connector: Interface ""Storage Connector ori""; Path: Text)",
Storage Request Mgt ori,app/src/Storage/StorageRequestMgt.Codeunit.al,326,Internal,public/default,"RespondSuccess(var Argument: Record ""Message Argument ori""; DataObject: JsonObject)",
Storage Request Reader ori,app/src/Storage/StorageRequestReader.Codeunit.al,55,Internal,public/default,"ReadText(var Argument: Record ""Message Argument ori""; RequestJson: JsonObject; ParameterName: Text; Required: Boolean; var Value: Text): Boolean",
Storage Request Reader ori,app/src/Storage/StorageRequestReader.Codeunit.al,84,Internal,public/default,"ReadPath(var Argument: Record ""Message Argument ori""; RequestJson: JsonObject; ParameterName: Text; Required: Boolean; var Path: Text): Boolean",
Storage Request Reader ori,app/src/Storage/StorageRequestReader.Codeunit.al,96,Internal,public/default,"CheckPath(var Argument: Record ""Message Argument ori""; ParameterName: Text; Path: Text): Boolean",
Storage Request Reader ori,app/src/Storage/StorageRequestReader.Codeunit.al,116,Internal,public/default,"ReadInteger(var Argument: Record ""Message Argument ori""; RequestJson: JsonObject; ParameterName: Text; Required: Boolean; var Value: Integer): Boolean",
Storage Request Reader ori,app/src/Storage/StorageRequestReader.Codeunit.al,146,Internal,public/default,"ReadNonNegativeInteger(var Argument: Record ""Message Argument ori""; RequestJson: JsonObject; ParameterName: Text; Required: Boolean; var Value: Integer): Boolean",
Storage Request Reader ori,app/src/Storage/StorageRequestReader.Codeunit.al,163,Internal,public/default,"ReadGuid(var Argument: Record ""Message Argument ori""; RequestJson: JsonObject; ParameterName: Text; Required: Boolean; var Value: Guid): Boolean",
Storage Request Reader ori,app/src/Storage/StorageRequestReader.Codeunit.al,189,Internal,public/default,"ReadBase64Content(var Argument: Record ""Message Argument ori""; RequestJson: JsonObject; ParameterName: Text; Required: Boolean; var TempBlob: Codeunit ""Temp Blob""): Boolean",
Storage Request Reader ori,app/src/Storage/StorageRequestReader.Codeunit.al,220,Internal,public/default,MaxContentBytes(): Integer,
Storage Request Reader ori,app/src/Storage/StorageRequestReader.Codeunit.al,228,Internal,public/default,IsWithinContentLimit(ContentBytes: BigInteger): Boolean,
Storage Request Reader ori,app/src/Storage/StorageRequestReader.Codeunit.al,239,Internal,public/default,"RespondIfErrors(var Argument: Record ""Message Argument ori""): Boolean",
Storage Upload Chunk ori,app/src/Upload/StorageUploadChunk.Table.al,61,Internal,public/default,"SetContentFromBlob(var TempBlob: Codeunit ""Temp Blob"")",
Storage Upload Chunk ori,app/src/Upload/StorageUploadChunk.Table.al,73,Internal,public/default,AppendContentTo(DestinationOutStream: OutStream),
Storage Upload Mgt ori,app/src/Upload/StorageUploadMgt.Codeunit.al,53,Internal,public/default,"BeginUpload(var Argument: Record ""Message Argument ori""; var ResultData: JsonObject): Boolean",
Storage Upload Mgt ori,app/src/Upload/StorageUploadMgt.Codeunit.al,104,Internal,public/default,"AppendChunk(var Argument: Record ""Message Argument ori""; var ResultData: JsonObject): Boolean",
Storage Upload Mgt ori,app/src/Upload/StorageUploadMgt.Codeunit.al,150,Internal,public/default,"CommitUpload(var Argument: Record ""Message Argument ori""; var ResultData: JsonObject): Boolean",
Storage Upload Mgt ori,app/src/Upload/StorageUploadMgt.Codeunit.al,198,Internal,public/default,"CommitToRecord(var Argument: Record ""Message Argument ori""; var ResultData: JsonObject): Boolean",
Storage Upload Mgt ori,app/src/Upload/StorageUploadMgt.Codeunit.al,240,Internal,public/default,"AbortUpload(var Argument: Record ""Message Argument ori""; var ResultData: JsonObject): Boolean",
Storage Upload Mgt ori,app/src/Upload/StorageUploadMgt.Codeunit.al,262,Internal,public/default,"GetStatus(var Argument: Record ""Message Argument ori""; var ResultData: JsonObject): Boolean",
Storage Upload Mgt ori,app/src/Upload/StorageUploadMgt.Codeunit.al,292,Internal,public/default,RecommendedChunkBytes(): Integer,
Storage Upload Purge ori,app/src/Upload/StorageUploadPurge.Codeunit.al,20,Internal,public/default,PurgeAndNotify(),
Storage Upload Purge ori,app/src/Upload/StorageUploadPurge.Codeunit.al,35,Internal,public/default,Purge(var SessionCount: Integer; var ChunkCount: Integer),
